f_00000.jpg	
f_00001.jpg	
f_00002.jpg	
f_00003.jpg	
f_00004.jpg	
f_00005.jpg	
f_00006.jpg	
f_00007.jpg	
f_00008.jpg	
f_00009.jpg	
f_00010.jpg	
f_00011.jpg	
f_00012.jpg	
f_00013.jpg	
f_00014.jpg	
f_00015.jpg	
f_00016.jpg	
f_00017.jpg	
f_00018.jpg	
f_00019.jpg	
f_00020.jpg	
f_00021.jpg	
f_00022.jpg	
f_00023.jpg	
f_00024.jpg	0.4991,0.4266,0.5285,0.4789,0.64
f_00025.jpg	0.5889,0.4124,0.6151,0.4590,0.65;0.4965,0.3835,0.5259,0.4360,0.64
f_00026.jpg	
f_00027.jpg	
f_00028.jpg	
f_00029.jpg	
f_00030.jpg	0.5788,0.0674,0.6455,0.1861,0.79;0.4960,0.3091,0.5613,0.4251,0.77;0.3722,0.0793,0.4355,0.1918,0.76;0.8430,0.3620,0.9083,0.4781,0.64;0.7576,0.6164,0.8542,0.7882,0.60
f_00031.jpg	0.5429,0.3511,0.6148,0.4790,0.82;0.5981,0.0673,0.6643,0.1849,0.79;0.3884,0.1338,0.4553,0.2526,0.65;0.8748,0.3313,0.9444,0.4550,0.63
f_00032.jpg	0.6061,0.0702,0.6746,0.1919,0.81;0.5812,0.4224,0.6525,0.5492,0.79;0.4037,0.2265,0.4551,0.3180,0.76;0.8549,0.2924,0.9328,0.4308,0.74;0.2794,0.3259,0.3372,0.4287,0.69
f_00033.jpg	
f_00034.jpg	
f_00035.jpg	
f_00036.jpg	
f_00037.jpg	
f_00038.jpg	
f_00039.jpg	
f_00040.jpg	
f_00041.jpg	
f_00042.jpg	
f_00043.jpg	
f_00044.jpg	
f_00045.jpg	
f_00046.jpg	
f_00047.jpg	
f_00048.jpg	0.4353,0.2519,0.5577,0.4695,0.81
f_00049.jpg	0.4328,0.2491,0.5566,0.4693,0.82
f_00050.jpg	0.4269,0.2747,0.5398,0.4754,0.79;0.7685,0.7833,0.8859,0.9920,0.62
f_00051.jpg	
f_00052.jpg	
f_00053.jpg	
f_00054.jpg	
f_00055.jpg	
f_00056.jpg	
f_00057.jpg	
f_00058.jpg	
f_00059.jpg	
f_00060.jpg	
f_00061.jpg	
f_00062.jpg	
f_00063.jpg	
f_00064.jpg	
f_00065.jpg	
f_00066.jpg	
f_00067.jpg	
f_00068.jpg	
f_00069.jpg	
f_00070.jpg	0.8615,0.1062,0.9566,0.2752,0.68;0.6751,0.6469,0.7497,0.7796,0.64
f_00071.jpg	0.8449,0.0951,0.9407,0.2654,0.71;0.6616,0.6328,0.7398,0.7718,0.70
f_00072.jpg	0.6475,0.6210,0.7273,0.7629,0.72;0.8283,0.0887,0.9226,0.2563,0.68
f_00073.jpg	0.6355,0.6204,0.7139,0.7597,0.70;0.8130,0.0822,0.9073,0.2499,0.64
f_00074.jpg	0.6246,0.6266,0.7030,0.7659,0.71;0.7981,0.0923,0.8981,0.2701,0.64
f_00075.jpg	0.5429,0.2933,0.6530,0.4890,0.74
f_00076.jpg	0.5396,0.2950,0.6467,0.4853,0.76
f_00077.jpg	0.5384,0.2961,0.6448,0.4853,0.77
f_00078.jpg	0.5395,0.2753,0.6639,0.4963,0.81
f_00079.jpg	0.5505,0.2623,0.6949,0.5190,0.84
f_00080.jpg	0.5578,0.2646,0.7108,0.5366,0.90
f_00081.jpg	0.5586,0.2681,0.7124,0.5416,0.90
f_00082.jpg	0.5562,0.2693,0.7089,0.5408,0.90
f_00083.jpg	
f_00084.jpg	
f_00085.jpg	
f_00086.jpg	
f_00087.jpg	
f_00088.jpg	
f_00089.jpg	
f_00090.jpg	
f_00091.jpg	
f_00092.jpg	
f_00093.jpg	
f_00094.jpg	
f_00095.jpg	
f_00096.jpg	
f_00097.jpg	
f_00098.jpg	
f_00099.jpg	
f_00100.jpg	
f_00101.jpg	
f_00102.jpg	
f_00103.jpg	
f_00104.jpg	
f_00105.jpg	
f_00106.jpg	0.4162,0.2955,0.5386,0.5130,0.84
f_00107.jpg	0.4109,0.2942,0.5294,0.5049,0.82
f_00108.jpg	0.4100,0.2840,0.5342,0.5046,0.85
f_00109.jpg	0.4113,0.2868,0.5312,0.5000,0.85
f_00110.jpg	0.4132,0.2921,0.5325,0.5043,0.88
f_00111.jpg	0.4139,0.2897,0.5338,0.5028,0.88
f_00112.jpg	0.4102,0.2880,0.5319,0.5044,0.88
f_00113.jpg	0.4089,0.2901,0.5314,0.5079,0.86
f_00114.jpg	0.4119,0.2933,0.5314,0.5057,0.86
f_00115.jpg	0.4123,0.2964,0.5266,0.4995,0.85
f_00116.jpg	0.4401,0.2370,0.6030,0.5267,0.80
f_00117.jpg	0.4492,0.3017,0.6246,0.6135,0.85
f_00118.jpg	0.4608,0.3354,0.6353,0.6458,0.83
f_00119.jpg	0.4404,0.2675,0.6245,0.5947,0.86
f_00120.jpg	0.4168,0.2369,0.5934,0.5509,0.84
f_00121.jpg	0.4065,0.2060,0.5638,0.4856,0.84
f_00122.jpg	0.4235,0.1784,0.5739,0.4456,0.83
f_00123.jpg	0.4151,0.1747,0.5646,0.4403,0.84
f_00124.jpg	0.4191,0.1790,0.5591,0.4277,0.83
f_00125.jpg	0.4253,0.3214,0.6058,0.6423,0.83
f_00126.jpg	0.4217,0.3169,0.6061,0.6447,0.84
f_00127.jpg	0.4216,0.3174,0.6019,0.6380,0.82
f_00128.jpg	0.4198,0.3146,0.6056,0.6448,0.83
f_00129.jpg	0.4196,0.3211,0.6048,0.6504,0.81
f_00130.jpg	0.4216,0.3108,0.6211,0.6655,0.84
f_00131.jpg	0.4324,0.3146,0.6143,0.6381,0.82
f_00132.jpg	0.4373,0.3155,0.6060,0.6153,0.84
f_00133.jpg	0.4217,0.3230,0.5977,0.6358,0.83
f_00134.jpg	0.4223,0.3054,0.6032,0.6270,0.83
f_00135.jpg	0.4342,0.1928,0.5571,0.4113,0.81
f_00136.jpg	0.4329,0.1618,0.5466,0.3638,0.79
f_00137.jpg	0.4452,0.0837,0.5654,0.2973,0.76
f_00138.jpg	0.5249,0.0120,0.5956,0.1378,0.59
f_00139.jpg	
f_00140.jpg	
f_00141.jpg	0.0903,0.3530,0.2155,0.5755,0.63
f_00142.jpg	0.1291,0.2994,0.2593,0.5310,0.66
f_00143.jpg	0.1453,0.2630,0.2723,0.4889,0.62
f_00144.jpg	0.1603,0.2392,0.2844,0.4598,0.68
f_00145.jpg	
f_00146.jpg	
f_00147.jpg	
f_00148.jpg	
f_00149.jpg	
f_00150.jpg	
f_00151.jpg	
f_00152.jpg	
f_00153.jpg	
f_00154.jpg	
f_00155.jpg	0.2828,0.2495,0.4014,0.4606,0.88
f_00156.jpg	0.2934,0.2291,0.4035,0.4248,0.85
f_00157.jpg	0.2882,0.2312,0.3987,0.4277,0.86
f_00158.jpg	0.2888,0.2359,0.3961,0.4268,0.87
f_00159.jpg	0.2862,0.2336,0.4011,0.4379,0.87
f_00160.jpg	0.2891,0.2332,0.4011,0.4322,0.87
f_00161.jpg	0.3106,0.2284,0.4863,0.5407,0.84
f_00162.jpg	0.3164,0.2246,0.4925,0.5377,0.84
f_00163.jpg	0.3136,0.2263,0.4952,0.5493,0.84
f_00164.jpg	0.3175,0.2271,0.4907,0.5351,0.84
f_00165.jpg	0.3146,0.2233,0.4867,0.5294,0.83
f_00166.jpg	0.3055,0.2262,0.4859,0.5468,0.84
f_00167.jpg	0.3058,0.2193,0.4846,0.5371,0.83
f_00168.jpg	0.3090,0.2204,0.4846,0.5327,0.82
f_00169.jpg	0.3090,0.2276,0.4847,0.5400,0.83
f_00170.jpg	0.3069,0.2256,0.4797,0.5327,0.82
f_00171.jpg	0.3078,0.2328,0.4812,0.5411,0.83
f_00172.jpg	0.3089,0.2323,0.4839,0.5434,0.84
f_00173.jpg	0.3096,0.2329,0.4838,0.5427,0.84
f_00174.jpg	0.2770,0.1852,0.3895,0.3852,0.83
f_00175.jpg	0.2836,0.1857,0.3979,0.3888,0.84
f_00176.jpg	0.2932,0.1908,0.4012,0.3829,0.83
f_00177.jpg	0.2945,0.1879,0.4100,0.3932,0.81
f_00178.jpg	0.2973,0.1868,0.4128,0.3921,0.83
f_00179.jpg	0.2969,0.1847,0.4129,0.3909,0.83
f_00180.jpg	0.2942,0.1881,0.4121,0.3978,0.84
f_00181.jpg	0.2940,0.1914,0.4130,0.4029,0.88
f_00182.jpg	0.2935,0.1913,0.4144,0.4062,0.88
f_00183.jpg	0.2961,0.1875,0.4142,0.3975,0.85
f_00184.jpg	0.2974,0.2094,0.5333,0.6287,0.80
f_00185.jpg	0.2974,0.2033,0.5237,0.6056,0.78
f_00186.jpg	0.2927,0.2098,0.5231,0.6195,0.78
f_00187.jpg	0.2891,0.2268,0.5143,0.6271,0.81
f_00188.jpg	0.2923,0.2328,0.5138,0.6265,0.79
f_00189.jpg	0.7464,0.1548,0.8354,0.3131,0.80
f_00190.jpg	0.7165,0.1773,0.8199,0.3612,0.88
f_00191.jpg	0.6901,0.1728,0.7951,0.3595,0.90
f_00192.jpg	0.6587,0.1520,0.7694,0.3489,0.88
f_00193.jpg	0.6300,0.1295,0.7400,0.3252,0.87
f_00194.jpg	0.6214,0.1289,0.7349,0.3307,0.88
f_00195.jpg	0.6237,0.1746,0.7334,0.3696,0.88
f_00196.jpg	0.6344,0.0307,0.8027,0.3300,0.64
f_00197.jpg	0.6617,0.0734,0.8497,0.4076,0.62
f_00198.jpg	0.7034,0.1280,0.8638,0.4132,0.60
f_00199.jpg	0.7220,0.1382,0.8801,0.4194,0.59
f_00200.jpg	
f_00201.jpg	0.6998,0.1639,0.8313,0.3978,0.60
f_00202.jpg	0.6983,0.1340,0.8351,0.3770,0.59
f_00203.jpg	0.7502,0.1158,0.8818,0.3497,0.58
f_00204.jpg	
f_00205.jpg	
f_00206.jpg	
f_00207.jpg	
f_00208.jpg	
f_00209.jpg	
f_00210.jpg	
f_00211.jpg	
f_00212.jpg	0.3549,0.2213,0.4558,0.4007,0.87
f_00213.jpg	0.3610,0.2236,0.4594,0.3985,0.84
f_00214.jpg	0.3630,0.2227,0.4624,0.3995,0.81
f_00215.jpg	0.3627,0.2204,0.4609,0.3948,0.81
f_00216.jpg	0.3598,0.2158,0.4623,0.3981,0.84
f_00217.jpg	0.3564,0.2038,0.4515,0.3729,0.85
f_00218.jpg	0.3496,0.2090,0.4479,0.3838,0.86
f_00219.jpg	0.2609,0.2209,0.5129,0.6688,0.78
f_00220.jpg	0.2301,0.2299,0.4799,0.6741,0.82
f_00221.jpg	0.2200,0.2438,0.4699,0.6881,0.80
f_00222.jpg	0.2279,0.2292,0.4812,0.6795,0.82
f_00223.jpg	0.2487,0.2528,0.4973,0.6948,0.77
f_00224.jpg	0.2677,0.2368,0.5161,0.6784,0.78
f_00225.jpg	0.2773,0.2521,0.5369,0.7136,0.75
f_00226.jpg	0.2811,0.2751,0.5335,0.7237,0.79
f_00227.jpg	0.2980,0.2855,0.5480,0.7302,0.78
f_00228.jpg	
f_00229.jpg	
f_00230.jpg	
f_00231.jpg	
f_00232.jpg	
f_00233.jpg	
f_00234.jpg	
f_00235.jpg	
f_00236.jpg	0.3165,0.2154,0.5663,0.6594,0.73
f_00237.jpg	0.3370,0.2287,0.5898,0.6782,0.76
f_00238.jpg	0.3562,0.2309,0.6062,0.6753,0.76
f_00239.jpg	0.3699,0.2387,0.6179,0.6795,0.74
f_00240.jpg	0.3961,0.2353,0.6466,0.6807,0.75
f_00241.jpg	0.3126,0.2983,0.4725,0.5826,0.81
f_00242.jpg	0.3130,0.3022,0.4765,0.5930,0.82
f_00243.jpg	0.3171,0.3010,0.4757,0.5829,0.83
f_00244.jpg	0.3140,0.3071,0.4762,0.5955,0.84
f_00245.jpg	0.3137,0.2984,0.4773,0.5891,0.84
f_00246.jpg	0.3163,0.2932,0.4732,0.5721,0.83
f_00247.jpg	
f_00248.jpg	
f_00249.jpg	
f_00250.jpg	
f_00251.jpg	
f_00252.jpg	
f_00253.jpg	
f_00254.jpg	
f_00255.jpg	0.3044,0.2719,0.5314,0.6754,0.78
f_00256.jpg	0.2477,0.2441,0.5056,0.7027,0.75
f_00257.jpg	0.2430,0.2433,0.5065,0.7118,0.76
f_00258.jpg	0.2338,0.2491,0.5067,0.7341,0.75
f_00259.jpg	0.2886,0.2865,0.5461,0.7443,0.80
f_00260.jpg	0.3299,0.3052,0.5780,0.7464,0.79
f_00261.jpg	
f_00262.jpg	
f_00263.jpg	
f_00264.jpg	
f_00265.jpg	
f_00266.jpg	
f_00267.jpg	
f_00268.jpg	
f_00269.jpg	
f_00270.jpg	
f_00271.jpg	0.3149,0.2641,0.4333,0.4746,0.88
f_00272.jpg	0.3101,0.2696,0.4292,0.4814,0.86
f_00273.jpg	0.3038,0.2687,0.4287,0.4908,0.85
f_00274.jpg	0.3094,0.2741,0.4298,0.4881,0.86
f_00275.jpg	0.3109,0.2746,0.4327,0.4911,0.88
f_00276.jpg	0.3107,0.2740,0.4293,0.4848,0.85
f_00277.jpg	0.3088,0.2348,0.4983,0.5718,0.82
f_00278.jpg	0.3075,0.2200,0.5098,0.5798,0.83
f_00279.jpg	0.3046,0.2134,0.5154,0.5882,0.82
f_00280.jpg	0.2904,0.2238,0.5039,0.6033,0.83
f_00281.jpg	0.2980,0.2330,0.5027,0.5968,0.84
f_00282.jpg	0.2937,0.2346,0.5047,0.6098,0.84
f_00283.jpg	
f_00284.jpg	
f_00285.jpg	
f_00286.jpg	
f_00287.jpg	
f_00288.jpg	
f_00289.jpg	
f_00290.jpg	
f_00291.jpg	
f_00292.jpg	
f_00293.jpg	
f_00294.jpg	
f_00295.jpg	
f_00296.jpg	
f_00297.jpg	
f_00298.jpg	
f_00299.jpg	
f_00300.jpg	
f_00301.jpg	
f_00302.jpg	
f_00303.jpg	0.5554,0.3423,0.6054,0.4312,0.78;0.2400,0.2845,0.2904,0.3741,0.78
f_00304.jpg	0.5719,0.3282,0.6251,0.4227,0.82;0.2475,0.2234,0.3037,0.3233,0.80
f_00305.jpg	0.5897,0.2988,0.6457,0.3983,0.80;0.2586,0.1586,0.3191,0.2661,0.76
f_00306.jpg	0.2449,0.0263,0.3158,0.1524,0.85;0.5744,0.2688,0.6413,0.3878,0.82
f_00307.jpg	0.5567,0.2346,0.6224,0.3514,0.83
f_00308.jpg	0.5801,0.2154,0.6532,0.3453,0.86
f_00309.jpg	0.6514,0.2560,0.7241,0.3853,0.78
f_00310.jpg	0.2898,0.2390,0.5026,0.6174,0.84
f_00311.jpg	0.2890,0.2325,0.4985,0.6049,0.85
f_00312.jpg	0.2920,0.2181,0.5023,0.5919,0.82
f_00313.jpg	0.2967,0.2216,0.5027,0.5878,0.80
f_00314.jpg	0.2937,0.2286,0.5026,0.6000,0.84
f_00315.jpg	0.2963,0.2267,0.4991,0.5872,0.81
f_00316.jpg	0.2889,0.2418,0.5040,0.6243,0.85
f_00317.jpg	0.2886,0.2329,0.4948,0.5995,0.84
f_00318.jpg	
f_00319.jpg	
f_00320.jpg	
f_00321.jpg	
f_00322.jpg	
f_00323.jpg	
f_00324.jpg	
f_00325.jpg	
f_00326.jpg	
f_00327.jpg	
f_00328.jpg	
f_00329.jpg	
f_00330.jpg	
f_00331.jpg	
f_00332.jpg	
f_00333.jpg	
f_00334.jpg	
f_00335.jpg	
f_00336.jpg	
f_00337.jpg	
f_00338.jpg	
f_00339.jpg	
f_00340.jpg	
f_00341.jpg	
f_00342.jpg	
f_00343.jpg	
f_00344.jpg	
f_00345.jpg	
f_00346.jpg	
f_00347.jpg	
f_00348.jpg	0.4762,0.2503,0.6484,0.5564,0.83
f_00349.jpg	0.4758,0.2433,0.6484,0.5502,0.83
f_00350.jpg	0.4718,0.2417,0.6448,0.5492,0.84
f_00351.jpg	0.4759,0.2433,0.6439,0.5419,0.82
f_00352.jpg	0.4629,0.2401,0.6440,0.5620,0.80
f_00353.jpg	0.4725,0.2434,0.6384,0.5382,0.83
f_00354.jpg	0.4667,0.2463,0.6405,0.5552,0.82
f_00355.jpg	
f_00356.jpg	
f_00357.jpg	
f_00358.jpg	
f_00359.jpg	
f_00360.jpg	
f_00361.jpg	
f_00362.jpg	0.5883,0.2209,0.6943,0.4094,0.87;0.3193,0.2154,0.4265,0.4061,0.82
f_00363.jpg	0.5922,0.2160,0.7035,0.4139,0.82;0.3146,0.2100,0.4268,0.4094,0.80
f_00364.jpg	0.3102,0.2040,0.4218,0.4023,0.85;0.5947,0.2115,0.7061,0.4094,0.82
f_00365.jpg	0.3057,0.1960,0.4182,0.3960,0.83;0.5934,0.2109,0.7061,0.4111,0.83
f_00366.jpg	0.2969,0.1956,0.4119,0.3999,0.84;0.5945,0.2129,0.7060,0.4110,0.81
f_00367.jpg	0.5918,0.2167,0.7043,0.4168,0.87;0.2939,0.1944,0.4074,0.3962,0.84
f_00368.jpg	0.5872,0.2303,0.7018,0.4341,0.88;0.2893,0.2073,0.4038,0.4108,0.79
f_00369.jpg	0.5800,0.2414,0.6999,0.4546,0.86;0.2826,0.2203,0.4042,0.4364,0.86
f_00370.jpg	0.5710,0.2529,0.6948,0.4730,0.86;0.2833,0.2278,0.4064,0.4466,0.82
f_00371.jpg	0.5620,0.2560,0.6870,0.4782,0.87;0.2864,0.2305,0.4129,0.4553,0.82
f_00372.jpg	
f_00373.jpg	
f_00374.jpg	
f_00375.jpg	
f_00376.jpg	
f_00377.jpg	
f_00378.jpg	
f_00379.jpg	
f_00380.jpg	
f_00381.jpg	
f_00382.jpg	
f_00383.jpg	
f_00384.jpg	
f_00385.jpg	
f_00386.jpg	
f_00387.jpg	
f_00388.jpg	
f_00389.jpg	
f_00390.jpg	0.2985,0.2468,0.4958,0.5976,0.81
f_00391.jpg	0.2920,0.2351,0.4919,0.5903,0.82
f_00392.jpg	0.2863,0.2302,0.4830,0.5798,0.79
f_00393.jpg	0.2754,0.2226,0.4753,0.5778,0.83
f_00394.jpg	0.2640,0.2261,0.4688,0.5901,0.82
f_00395.jpg	0.2500,0.2594,0.4573,0.6280,0.82
f_00396.jpg	0.2520,0.2429,0.4554,0.6046,0.84
f_00397.jpg	0.2479,0.2464,0.4572,0.6184,0.85
f_00398.jpg	0.2506,0.2498,0.4595,0.6212,0.82
f_00399.jpg	0.2557,0.2586,0.4626,0.6264,0.84
f_00400.jpg	0.2594,0.2497,0.4669,0.6186,0.85
f_00401.jpg	0.2555,0.2501,0.4667,0.6255,0.84
f_00402.jpg	0.2608,0.2549,0.4702,0.6271,0.83
f_00403.jpg	0.2637,0.2462,0.4751,0.6221,0.83
f_00404.jpg	0.2698,0.2392,0.4781,0.6096,0.85
f_00405.jpg	0.2720,0.2346,0.4809,0.6061,0.86
f_00406.jpg	0.2804,0.2304,0.4880,0.5995,0.81
f_00407.jpg	0.2860,0.2243,0.4918,0.5903,0.79
f_00408.jpg	0.2918,0.2250,0.5013,0.5974,0.79
f_00409.jpg	0.2918,0.2265,0.4968,0.5911,0.82
f_00410.jpg	0.3143,0.1717,0.4138,0.3486,0.82;0.4856,0.4703,0.5275,0.5447,0.59
f_00411.jpg	0.3142,0.1802,0.4120,0.3541,0.81
f_00412.jpg	0.3168,0.1747,0.4148,0.3490,0.82
f_00413.jpg	0.3180,0.1741,0.4181,0.3521,0.84
f_00414.jpg	0.3232,0.1802,0.4228,0.3573,0.86
f_00415.jpg	0.3314,0.1794,0.4277,0.3507,0.82
f_00416.jpg	0.3304,0.1852,0.4288,0.3600,0.83
f_00417.jpg	0.3288,0.1854,0.4295,0.3645,0.83
f_00418.jpg	0.3314,0.1887,0.4268,0.3585,0.83
f_00419.jpg	0.3311,0.1880,0.4273,0.3590,0.83
f_00420.jpg	0.3361,0.1841,0.4266,0.3450,0.82
f_00421.jpg	
f_00422.jpg	
f_00423.jpg	
f_00424.jpg	0.5484,-0.0225,0.7448,0.3266,0.63
f_00425.jpg	0.5487,0.1315,0.7556,0.4992,0.68
f_00426.jpg	0.5344,0.2208,0.7346,0.5767,0.69
f_00427.jpg	0.5187,0.3164,0.7103,0.6569,0.67
f_00428.jpg	0.4795,0.3464,0.6973,0.7337,0.71
f_00429.jpg	0.4401,0.3235,0.6573,0.7096,0.69
f_00430.jpg	
f_00431.jpg	
f_00432.jpg	
f_00433.jpg	
f_00434.jpg	
f_00435.jpg	
f_00436.jpg	
f_00437.jpg	0.3111,0.2574,0.4937,0.5821,0.68
f_00438.jpg	0.3401,0.2453,0.5106,0.5483,0.72
f_00439.jpg	0.3803,0.2277,0.5467,0.5236,0.73
f_00440.jpg	0.4390,0.2595,0.5885,0.5251,0.74
f_00441.jpg	0.4777,0.2942,0.6206,0.5480,0.71
f_00442.jpg	0.5031,0.3332,0.6416,0.5794,0.70
f_00443.jpg	0.5178,0.3641,0.6543,0.6066,0.74
f_00444.jpg	0.5125,0.3574,0.6453,0.5937,0.71
f_00445.jpg	0.5071,0.3493,0.6295,0.5669,0.71
f_00446.jpg	0.2535,0.2231,0.3799,0.4479,0.86
f_00447.jpg	0.2484,0.2208,0.3735,0.4432,0.88
f_00448.jpg	0.2481,0.2172,0.3746,0.4420,0.88
f_00449.jpg	0.2517,0.2231,0.3756,0.4433,0.87
f_00450.jpg	
f_00451.jpg	
f_00452.jpg	
f_00453.jpg	
f_00454.jpg	
f_00455.jpg	
f_00456.jpg	
f_00457.jpg	
f_00458.jpg	
f_00459.jpg	
f_00460.jpg	
f_00461.jpg	
f_00462.jpg	
f_00463.jpg	
f_00464.jpg	0.3232,0.2484,0.5137,0.5870,0.81
f_00465.jpg	0.3144,0.2453,0.5058,0.5855,0.84
f_00466.jpg	0.2944,0.2618,0.4780,0.5883,0.86
f_00467.jpg	0.2994,0.2572,0.4866,0.5900,0.84
f_00468.jpg	0.2865,0.2535,0.4768,0.5919,0.86
f_00469.jpg	0.3054,0.2374,0.4912,0.5679,0.82
f_00470.jpg	0.3125,0.2369,0.4965,0.5641,0.84
f_00471.jpg	0.3080,0.2409,0.4920,0.5680,0.81
f_00472.jpg	0.2987,0.2370,0.4857,0.5693,0.84
f_00473.jpg	0.2990,0.2486,0.4847,0.5787,0.85
f_00474.jpg	0.3081,0.2394,0.4899,0.5625,0.82
f_00475.jpg	0.3074,0.2285,0.4972,0.5660,0.80
f_00476.jpg	0.5089,0.3214,0.6518,0.5755,0.80
f_00477.jpg	0.4984,0.3060,0.6576,0.5891,0.84
f_00478.jpg	0.4955,0.3039,0.6489,0.5767,0.87
f_00479.jpg	0.4972,0.3121,0.6330,0.5535,0.85
f_00480.jpg	0.4858,0.3253,0.6172,0.5589,0.85
f_00481.jpg	
f_00482.jpg	
f_00483.jpg	
f_00484.jpg	
f_00485.jpg	
f_00486.jpg	
f_00487.jpg	
f_00488.jpg	
f_00489.jpg	
f_00490.jpg	
f_00491.jpg	0.3465,0.2591,0.5670,0.6512,0.78
f_00492.jpg	0.3440,0.2624,0.5608,0.6478,0.79
f_00493.jpg	0.3441,0.2720,0.5643,0.6635,0.78
f_00494.jpg	0.3424,0.2677,0.5630,0.6598,0.78
f_00495.jpg	0.3490,0.2750,0.5563,0.6436,0.78
f_00496.jpg	0.2306,0.2161,0.3365,0.4044,0.85
f_00497.jpg	0.2270,0.2123,0.3348,0.4039,0.85
f_00498.jpg	0.2272,0.2087,0.3349,0.4003,0.88
f_00499.jpg	0.2318,0.2091,0.3352,0.3931,0.88
f_00500.jpg	0.2281,0.2159,0.3444,0.4225,0.88
f_00501.jpg	0.5063,0.2523,0.6808,0.5626,0.81
f_00502.jpg	0.5041,0.2531,0.6795,0.5649,0.81
f_00503.jpg	0.5057,0.2547,0.6772,0.5595,0.81
f_00504.jpg	0.5005,0.2565,0.6722,0.5616,0.81
f_00505.jpg	0.4989,0.2621,0.6594,0.5475,0.78
f_00506.jpg	0.4924,0.2684,0.6500,0.5485,0.76
f_00507.jpg	
f_00508.jpg	
f_00509.jpg	
f_00510.jpg	
f_00511.jpg	
f_00512.jpg	
f_00513.jpg	0.7375,0.2848,0.9070,0.5860,0.70
f_00514.jpg	0.7927,0.2303,0.9855,0.5730,0.64
f_00515.jpg	0.8155,0.2082,1.0002,0.5366,0.66
f_00516.jpg	0.8389,0.1764,1.0021,0.4665,0.67
f_00517.jpg	0.8617,0.1410,1.0130,0.4098,0.70
f_00518.jpg	0.9028,0.1343,1.0210,0.3445,0.61
f_00519.jpg	
f_00520.jpg	
f_00521.jpg	
f_00522.jpg	
f_00523.jpg	
f_00524.jpg	
f_00525.jpg	
f_00526.jpg	0.6043,0.2074,0.7175,0.4086,0.82
f_00527.jpg	0.6016,0.2038,0.7197,0.4137,0.83
f_00528.jpg	0.6054,0.2082,0.7179,0.4082,0.83
f_00529.jpg	0.6051,0.2069,0.7129,0.3984,0.86
f_00530.jpg	0.5937,0.2022,0.7102,0.4094,0.82
f_00531.jpg	0.5940,0.2040,0.7060,0.4031,0.85
f_00532.jpg	0.5891,0.2029,0.7046,0.4082,0.84
f_00533.jpg	0.5912,0.2054,0.7035,0.4050,0.84
f_00534.jpg	0.5893,0.2007,0.6990,0.3956,0.86
f_00535.jpg	0.4513,0.2249,0.6431,0.5658,0.75
f_00536.jpg	0.4496,0.2345,0.6426,0.5777,0.77
f_00537.jpg	0.4533,0.2249,0.6526,0.5792,0.76
f_00538.jpg	0.4471,0.2332,0.6491,0.5922,0.76
f_00539.jpg	0.4480,0.2303,0.6528,0.5944,0.76
f_00540.jpg	0.4432,0.2272,0.6501,0.5950,0.78
f_00541.jpg	0.4550,0.2291,0.6639,0.6004,0.81
f_00542.jpg	0.4455,0.2331,0.6541,0.6039,0.79
f_00543.jpg	0.4415,0.2358,0.6441,0.5959,0.79
f_00544.jpg	0.2733,0.2243,0.4380,0.5170,0.81
f_00545.jpg	0.3129,0.1935,0.4858,0.5009,0.85
f_00546.jpg	0.3208,0.1907,0.4971,0.5041,0.89
f_00547.jpg	0.3201,0.1924,0.4984,0.5094,0.89
f_00548.jpg	0.3206,0.1978,0.4946,0.5072,0.88
f_00549.jpg	0.3185,0.2029,0.4935,0.5139,0.87
f_00550.jpg	0.3172,0.2037,0.4906,0.5121,0.86
f_00551.jpg	
f_00552.jpg	
f_00553.jpg	
f_00554.jpg	
f_00555.jpg	
f_00556.jpg	
f_00557.jpg	
f_00558.jpg	
f_00559.jpg	
f_00560.jpg	
f_00561.jpg	
f_00562.jpg	
f_00563.jpg	
f_00564.jpg	
f_00565.jpg	
f_00566.jpg	
f_00567.jpg	
f_00568.jpg	
f_00569.jpg	
f_00570.jpg	
f_00571.jpg	
f_00572.jpg	0.2675,0.2095,0.4153,0.4724,0.85;0.8319,0.0910,1.0073,0.4029,0.70
f_00573.jpg	0.2772,0.1467,0.4255,0.4104,0.85;0.8496,0.0534,0.9977,0.3167,0.71
f_00574.jpg	0.2811,0.0690,0.4357,0.3438,0.85;0.8784,0.0206,0.9924,0.2233,0.59
f_00575.jpg	0.2861,-0.0113,0.4464,0.2737,0.88
f_00576.jpg	0.3062,-0.0036,0.4190,0.1969,0.65
f_00577.jpg	
f_00578.jpg	
f_00579.jpg	
f_00580.jpg	
f_00581.jpg	0.2126,0.2230,0.3233,0.4196,0.77
f_00582.jpg	0.2087,0.2174,0.3192,0.4140,0.77
f_00583.jpg	0.2055,0.2142,0.3185,0.4150,0.81
f_00584.jpg	0.2127,0.2218,0.3241,0.4199,0.77
f_00585.jpg	0.2163,0.2253,0.3226,0.4143,0.75
f_00586.jpg	0.2143,0.2226,0.3225,0.4150,0.75
f_00587.jpg	0.2148,0.2308,0.3230,0.4233,0.74
f_00588.jpg	0.5670,0.3651,0.7384,0.6698,0.82
f_00589.jpg	0.5720,0.3426,0.7510,0.6608,0.84
f_00590.jpg	0.5799,0.3519,0.7609,0.6736,0.85
f_00591.jpg	0.5919,0.3296,0.7683,0.6432,0.82
f_00592.jpg	0.5843,0.2972,0.7640,0.6166,0.84
f_00593.jpg	0.5665,0.2951,0.7474,0.6166,0.85
f_00594.jpg	0.5526,0.2966,0.7270,0.6066,0.81
f_00595.jpg	0.5154,0.3039,0.7002,0.6323,0.83
f_00596.jpg	0.6218,0.2486,0.7177,0.4192,0.83
f_00597.jpg	0.6168,0.2388,0.7096,0.4038,0.88
f_00598.jpg	0.6166,0.2335,0.7075,0.3951,0.88
f_00599.jpg	0.6238,0.2368,0.7136,0.3965,0.86
f_00600.jpg	0.6260,0.2530,0.7152,0.4115,0.82
f_00601.jpg	0.6186,0.2834,0.7125,0.4502,0.86
f_00602.jpg	0.6246,0.2974,0.7126,0.4537,0.83
f_00603.jpg	0.3808,0.2356,0.5013,0.4499,0.85
f_00604.jpg	0.4089,0.2104,0.5419,0.4468,0.86
f_00605.jpg	0.4335,0.2072,0.5676,0.4457,0.86
f_00606.jpg	0.4474,0.1806,0.5835,0.4226,0.85
f_00607.jpg	0.4501,0.1560,0.5850,0.3958,0.84
f_00608.jpg	0.4428,0.1374,0.5725,0.3680,0.79
f_00609.jpg	0.4276,0.1508,0.5528,0.3732,0.74
f_00610.jpg	0.4311,0.1517,0.5532,0.3687,0.71
f_00611.jpg	
f_00612.jpg	
f_00613.jpg	
f_00614.jpg	
f_00615.jpg	
f_00616.jpg	
f_00617.jpg	
f_00618.jpg	
f_00619.jpg	
f_00620.jpg	0.4819,0.4400,0.5044,0.4800,0.59
f_00621.jpg	
f_00622.jpg	
f_00623.jpg	
f_00624.jpg	
f_00625.jpg	
f_00626.jpg	
f_00627.jpg	
f_00628.jpg	
f_00629.jpg	
f_00630.jpg	
f_00631.jpg	0.7024,0.2460,0.7836,0.3903,0.87;0.2117,0.2275,0.3027,0.3895,0.85
f_00632.jpg	0.7020,0.2468,0.7829,0.3907,0.87;0.2144,0.2286,0.3045,0.3888,0.84
f_00633.jpg	0.7010,0.2471,0.7841,0.3948,0.87;0.2173,0.2223,0.3039,0.3763,0.83
f_00634.jpg	0.6943,0.2537,0.7693,0.3872,0.81;0.2218,0.2264,0.3093,0.3819,0.81
f_00635.jpg	0.3038,0.2347,0.4843,0.5557,0.86
f_00636.jpg	0.3042,0.2328,0.4829,0.5504,0.87
f_00637.jpg	0.3061,0.2328,0.4848,0.5504,0.86
f_00638.jpg	0.2941,0.2250,0.4663,0.5312,0.85
f_00639.jpg	0.2925,0.2271,0.4649,0.5335,0.84
f_00640.jpg	0.2873,0.2272,0.4595,0.5334,0.84
f_00641.jpg	0.2833,0.2348,0.4514,0.5336,0.84
f_00642.jpg	0.2795,0.2461,0.4561,0.5601,0.84
f_00643.jpg	0.2791,0.2514,0.4532,0.5609,0.84
f_00644.jpg	0.2841,0.2570,0.4517,0.5549,0.83
f_00645.jpg	0.2889,0.2397,0.4623,0.5480,0.84
f_00646.jpg	0.2968,0.2459,0.4713,0.5562,0.83
f_00647.jpg	0.3028,0.2422,0.4774,0.5526,0.85
f_00648.jpg	0.3037,0.2353,0.4793,0.5476,0.85
f_00649.jpg	0.7109,0.2520,0.7908,0.3940,0.84;0.2536,0.2181,0.3390,0.3698,0.79
f_00650.jpg	0.7059,0.2517,0.7855,0.3932,0.85;0.2614,0.2177,0.3391,0.3557,0.84
f_00651.jpg	0.2661,0.2245,0.3400,0.3559,0.81;0.6926,0.2517,0.7719,0.3928,0.81
f_00652.jpg	0.2708,0.2270,0.3457,0.3601,0.79;0.6879,0.2541,0.7665,0.3938,0.78
f_00653.jpg	0.2788,0.2309,0.3505,0.3584,0.82;0.6890,0.2545,0.7687,0.3961,0.79
f_00654.jpg	0.6861,0.2511,0.7661,0.3934,0.84;0.2841,0.2342,0.3541,0.3585,0.79
f_00655.jpg	0.6764,0.2591,0.7560,0.4006,0.81;0.2802,0.2357,0.3532,0.3655,0.80
f_00656.jpg	0.6749,0.2591,0.7551,0.4017,0.82;0.2741,0.2308,0.3477,0.3616,0.80
f_00657.jpg	0.6967,0.2441,0.7805,0.3931,0.83;0.2765,0.2347,0.3520,0.3689,0.82
f_00658.jpg	0.7156,0.2397,0.8022,0.3937,0.87;0.2742,0.2358,0.3530,0.3758,0.84
f_00659.jpg	0.7245,0.2438,0.8118,0.3991,0.88;0.2503,0.2336,0.3389,0.3911,0.82
f_00660.jpg	0.2291,0.2356,0.3184,0.3943,0.85;0.7292,0.2497,0.8188,0.4090,0.82
f_00661.jpg	0.2154,0.2447,0.3050,0.4040,0.86;0.7370,0.2586,0.8263,0.4174,0.86
f_00662.jpg	0.2092,0.2426,0.2991,0.4023,0.85;0.7290,0.2530,0.8196,0.4141,0.79
f_00663.jpg	0.2116,0.2456,0.3013,0.4051,0.86;0.7244,0.2549,0.8129,0.4123,0.85
f_00664.jpg	0.2092,0.2497,0.3000,0.4112,0.84;0.7243,0.2565,0.8100,0.4088,0.82
f_00665.jpg	0.7149,0.2506,0.8033,0.4076,0.83;0.2061,0.2465,0.2974,0.4088,0.80
f_00666.jpg	0.7192,0.2532,0.8060,0.4076,0.82;0.2096,0.2482,0.2972,0.4041,0.82
f_00667.jpg	0.7253,0.2480,0.8115,0.4013,0.86;0.2076,0.2434,0.2953,0.3992,0.82
f_00668.jpg	0.7197,0.2483,0.8075,0.4044,0.84;0.2074,0.2421,0.2959,0.3993,0.82
f_00669.jpg	0.7241,0.2516,0.8089,0.4023,0.84;0.2082,0.2445,0.2978,0.4037,0.83
f_00670.jpg	0.7199,0.2497,0.8083,0.4067,0.86;0.2083,0.2425,0.2972,0.4006,0.83
f_00671.jpg	0.7246,0.2510,0.8086,0.4003,0.85;0.2114,0.2408,0.2988,0.3963,0.85
