"Video-Nr","Videotitel","Szenen-Nr","Sprechtext/Inhalt","Caption","Visuell/Setup","Effekte","Sound","Personen-Anzahl","Personen-Rolle","Drehort","Anmerkungen",""
"Video 1 - Azubi Lager - POV: Was machst du nach der Schule?","","","","","","","","","","","",""
"1","Azubi Lager - POV: Was machst du nach der Schule?","Hook A","On-Screen-Text + VO: 'POV: Du bist letztes Schuljahr und alle fragen, was du machst.'","POV: Du bist letztes Schuljahr und alle fragen, was du machst.","Ego-Perspektive aus Sicht der Hauptperson am Familientisch. Drei Köpfe (Mutter, Vater, Tante) drehen sich gleichzeitig zu 'dir'. Schnell, fast simultan.","Caption oben mittig, harte Cuts auf die drei Köpfe.","Leichter Underscore, instrumental 80-100 BPM, gute Stimmung. Kein Trend-Sound zwingend.","4","Azubi-Hauptdarsteller (POV) + 3 Familien-Komparserie","Adelsheim (Familientisch ggf. Pausenraum oder gestelltes Setup)","Variante A ist sicher / brand-safe. Hauptdarsteller spricht selbst. Bei privatem Familien-Setting Cornelia/Niro-To-Do.","Actioncam kopf "
"1","Azubi Lager - POV: Was machst du nach der Schule?","Hook B","Caption + leichte VO: 'Ausbildung im Lager? Klingt langweilig?'","Ausbildung im Lager? Klingt whack?","Junger Mensch (16-18) verdreht die Augen ins Bild, Schulranzen fällt aus dem Frame. Harter Cut auf Hochregal-Establisher (Adelsheim AKL oder Kupferzell-Hochregal).","Harter Cut auf Hochregal-Establisher, Pattern-Interrupt-Sound bei 'Klingt whack?'.","Dezenter Underscore + Pattern-Interrupt-Sound bei der Frage.","1","Azubi-Hauptdarsteller","Adelsheim AKL oder Kupferzell-Hochregal","'Whack' gestrichen (Cornelia-Veto 12.5.). Backup-Wordings 'lame' und 'uninteressant' am Drehtag mit aufnehmen, im Schnitt entscheiden.","Selfieaufnahme "
"1","Azubi Lager - POV: Was machst du nach der Schule?","Hook C","Kein VO. Caption: 'Ausbildung im Lager? Eher so.'","Ausbildung im Lager? Eher so.","Trend-Sound-Drop, Outfit-Switch: Hoodie + Schulrucksack -> harter Match-Cut auf gleichen Frame, jetzt Warnweste + Stapler-Lenkrad in der Hand. Identische Person wie A/B (gleicher Frame nach Match-Cut).","Match-Cut auf Beat-Drop. Cut sitzt auf Beat. Outfit-Switch im selben Frame.","Trend-Sound zentral. Auswahl spätestens 2 Wochen vor Drehtag (Niro-Schnitt). DACH-TikTok-Outfit-Switch-Sounds.","1","Azubi-Hauptdarsteller (gleiche Person wie A/B)","Adelsheim (neutrale Außen-Location auf WLC-Gelände oder Schul-Front-Stand-In)","Visueller Hook ohne Sprech. Trend-Sound-Halbwertszeit gering, kurz vor Live-Gang final fixieren.","Kleidung kommt piece by piece - wird in selber location angezogen"
"1","Azubi Lager - POV: Was machst du nach der Schule?","1.1","Caption-Schnipsel: Mutter ('und, weißt du schon was?') + Lehrer ('machst du Abi?') + Freund ('Lager? Echt?')","","Klischee-Salve: drei Mini-Schnipsel mit Eltern-/Freund-/Lehrer-Fragen, je 0,7-1 Sek.","Harte Cuts zwischen den drei Schnipseln.","Dezenter Underscore-Aufbau, leise Stimm-Schnipsel.","3","B-Roll-Komparserie: Mutter, Lehrer, Freund (keine sprechenden Rollen mit Sprach-Druck)","","Caption + leise Stimm-Schnipsel, keine sprechenden Rollen mit hohem Sprach-Anspruch.",""
"1","Azubi Lager - POV: Was machst du nach der Schule?","1.2","On-screen Caption: 'Spoiler:'","Spoiler:","Realitäts-Switch-Beat: Cut auf echte Lagerhalle, Stapler in Bewegung. Echte Mitarbeiter-Aufnahmen Adelsheim.","Harter Cut von Klischee-Salve auf Realität, Caption-Einblendung.","Underscore-Tempo zieht an.","","B-Roll-Mitarbeiter Adelsheim","Adelsheim Lagerhalle","",""
"1","Azubi Lager - POV: Was machst du nach der Schule?","1.3","Kein Sprech, B-Roll-Salve","","Walk-through-Salve mit Azubi-Hauptdarsteller: Stapler fahren (close auf Hände am Lenkrad + Sicht auf Regalreihe), Gefahrgut-Etikett (close), Scanner-Beep (close), Verladung (mid-shot).","Schnelle Cuts, Match auf Bewegung.","Scanner-Beep prominent, Stapler-Geräusche.","1","Azubi-Hauptdarsteller in WLC-Hoodie","Adelsheim Lagerhalle","Gefahrgut-Etikett-Pflicht-Bestätigung Cornelia (offener Punkt).",""
"1","Azubi Lager - POV: Was machst du nach der Schule?","1.4","O-Ton Azubi: 'Ich entscheide hier täglich, was wohin geht. Mit 17.'","","Punchline-O-Ton: Azubi schaut in Kamera (mid-shot in der Halle).","Statischer Mid-Shot, kein Cut während Punchline.","Underscore tritt zurück, O-Ton prägnant.","1","Azubi-Hauptdarsteller (echter Azubi 1./2. Lehrjahr, keine Schauspielerei)","Adelsheim Lagerhalle","Sprach-Filter Pflicht-Vorab-Check. Briefing am Freitag vor Drehtag.",""
"1","Azubi Lager - POV: Was machst du nach der Schule?","1.5","Sub-Punchline: 'Und meinen Staplerschein? Hatte ich. Auf Firmenkosten.'","","Beweis-Schnipsel: parallel B-Roll Stapler-Bedienung close + Azubi mit Staplerschein-Karte oder Equipment-Detail.","Cut auf Stapler-Bedienung während Sub-Punchline.","Underscore mit klarem Beat.","1","Azubi-Hauptdarsteller","Adelsheim Lagerhalle","O-Ton aus Onboarding 1: Cornelia berichtet, dass Azubis das auf Branchen-Events als Highlight erzählen.",""
"1","Azubi Lager - POV: Was machst du nach der Schule?","1.6","Caption: 'Lager. Aber bei WLC.'","Lager. Aber bei WLC.","Bonus-Schnipsel optional: Alltags-Detail wie Pause mit Kollegen oder Werkzeug-Moment, kurze Stimmungs-Sequenz.","Caption-Einblendung am Ende.","Underscore in Schluss-Tempo.","2","Azubi + Kollege (B-Roll, lockere Stimmung, keine inszenierte Familien-Pose)","Adelsheim Pausenraum","Variante A nutzt das voll, B+C verkürzen. Bei TikTok-Cut (30 Sek) verschmelzen 1.5 und 1.6 zu einem Block.",""
"1","Azubi Lager - POV: Was machst du nach der Schule?","1.7","VO: 'Klick auf den Button, trag dich ein und wir melden uns bei dir.'","BEWIRB DICH JETZT.","CTA-Endcard: schwarzer Hintergrund, weiße harte Typografie. Headline 'BEWIRB DICH JETZT.' Sub: 'Ausbildung Fachkraft Lagerlogistik. Adelsheim + Kupferzell.' Logo WLC + Würth-Anker dezent.","Harter Cut auf Endcard.","Schluss-Beat, Endcard mit Schlag.","","","","Hashtags: #wlc #ausbildung2027 #lagerlogistik #würthgruppe #karriere. Hardlink job_details_192. Auf TikTok zusätzlich CTA-4-Variante 'Schreib JOB in die Kommentare'.",""
"Video 2 - Azubi Lager - Mein erster Tag bei WLC","","","","","","","","","","","",""
"2","Azubi Lager - Mein erster Tag bei WLC","Hook A","Caption + Sprecher: 'Mein erster Tag bei WLC - ehrlich gesagt...'","Mein erster Tag bei WLC - ehrlich gesagt...","Branding-Plakat im Hintergrund mit '#TeamWLC' oder WLC-Wappen-Anker. Azubi vorne, leicht aus dem Off-Center, Kamera in Augenhöhe. Sympathische Mimik (kein Pose-Lächeln, eher erinnernd).","Cliffhanger-Pause vor Auflösung.","Ruhiger, warmer Underscore (instrumental).","1","Azubi (1./2./3. Lehrjahr aus 3er-Casting-Pool)","Adelsheim (Verwaltung oder Lager-Hintergrund mit Plakat)","Lager-Kehren-Switch-Frame statt Kaffee-Klischee.",""
"2","Azubi Lager - Mein erster Tag bei WLC","Hook B","Caption + Sprecher: 'Wer hat dir gesagt, dass Azubis nur das Lager kehren?'","Wer hat dir das gesagt?","Junger Azubi mit Besen im Lager-Kehren-Frame, dreht sich um, im Hintergrund Lager-Action (Stapler, Verladung).","Walking-Shot mit Frontal-Cut, Caption-Einblendung.","Ruhiger Underscore mit leichtem Akzent.","1","Azubi mit Kaffeebecher (B-Roll Lager-Action im Hintergrund)","Adelsheim Lagerhalle","Besen-Requisite mitbringen / im Lager organisieren. Vorschlag der Ausbildungsleitung aus Meeting 12.5.: 'bei uns ist mit anpacken von Tag 1 angesagt'.","Kehren über die Kamera, dann Handy aufheben und reinsprechen"
"2","Azubi Lager - Mein erster Tag bei WLC","Hook C","Kein VO. Caption-Progression: 'Tag 1.' / 'Tag 30.' / 'Tag 365.'","Tag 1. / Tag 30. / Tag 365.","Drei Azubis nacheinander gehen ins Bild, geben dem nächsten ein High-Five. Letzte Person schaut frontal in die Kamera.","Cut auf Beat. Caption-Progression synchron mit Übergaben.","Trend-Underscore. Trend-Sound für High-Five-Sequenz (kann derselbe wie Video 1 Variante C sein).","3","3 Azubis unterschiedlicher Lehrjahre (1./2./3.)","Adelsheim Lagerhalle (drehbar)","High-Five-Mechanik bestätigt im Meeting 12.5.",""
"2","Azubi Lager - Mein erster Tag bei WLC","2.1","Interview-Aussage Azubi 1 (am Drehtag aufgenommen, kein vorab fixierter O-Ton)","","Multi-Voice-Szene 1: Azubi 1 (1. Lehrjahr) im Interview-Setup, WLC-Hoodie, Lager-Hintergrund.","Statischer Interview-Frame, leichter Cut auf Verladung-B-Roll.","Underscore tritt zurück.","1","Lager-Azubi 1. Lehrjahr","Adelsheim Lagerhintergrund","",""
"2","Azubi Lager - Mein erster Tag bei WLC","2.2","Interview-Aussage Azubi 2 (am Drehtag aufgenommen, kein vorab fixierter O-Ton)","","Multi-Voice-Szene 2: Azubi 2 (2. Lehrjahr) frontal, Cut auf Schichtleiterin im Hintergrund.","Cut auf Schichtleiterin als Bezugspersonen-Anker.","Underscore.","2","Lager-Azubi 2. Lehrjahr + Schichtleiterin","Adelsheim Lagerhalle","",""
"2","Azubi Lager - Mein erster Tag bei WLC","2.3","Interview-Aussage Schichtleiter (am Drehtag aufgenommen, kein vorab fixierter O-Ton)","","Bezugspersonen-Beat (Pflicht aus Re-Analyse): Schichtleiter Adelsheim, mid-shot, in Lager-Bewegung.","Statischer Mid-Shot mit leichter Bewegung.","Underscore tritt für Anker-Statement zurück.","1","Schichtleiter Adelsheim (Cornelia + Ausbildungsleitung nominieren konkrete Person)","Adelsheim Lagerhalle","Pflicht-Verstärkung Re-Analyse: Bezugspersonen prominent, nicht nur am Schluss.",""
"2","Azubi Lager - Mein erster Tag bei WLC","2.4","Interview-Aussage Azubi 3 (am Drehtag aufgenommen, kein vorab fixierter O-Ton)","","Multi-Voice-Szene 3 (Stationen-Rotation): Azubi 3 (3. Lehrjahr, Großhandel-AHM mit Cross-Vouch), B-Roll Stapler-Bedienung close -> Scanner -> AKL-Förderband -> Lkw-Verladung.","Schnelle B-Roll-Schnitte zwischen den Stationen.","Underscore mit klaren Beats für B-Roll-Cuts.","1","Großhandel/AHM-Azubi 3. Lehrjahr","Adelsheim AKL-Bereich + Lagerhalle","",""
"2","Azubi Lager - Mein erster Tag bei WLC","2.5","Personality-Moment, kein direkter O-Ton nötig (Atmo)","","Azubi 1 oder 2 lacht mit Kollegen in Pausenraum (lockere Stimmung), kurze 3-Sek-Sequenz. Gebrandete Kühltaschen sichtbar wenn Sommer-Bilder vorhanden.","Atmo-Schnipsel, leichte Slow-Mo möglich.","Underscore mit lockerer Stimmung, Lach-Atmo.","3","Azubi + Kollegen (Pausenraum-Gruppe)","Adelsheim Pausenraum","Kühltaschen-Detail aus STORY-A-C05-1.",""
"2","Azubi Lager - Mein erster Tag bei WLC","2.6","O-Ton Ausbildungsleitung (Name folgt nach Bestätigung): 'Wir kennen jeden unserer Azubis beim Namen. Das ist hier nicht Floskel - das ist Voraussetzung dafür, dass wir wissen, wo wir wen einsetzen.'","","Ausbildungsleitung im Interview-Setup, Verwaltungs-Setting Adelsheim oder vor Logo-Wand.","Statischer Interview-Frame.","Underscore zurückhaltend.","1","Ausbildungsleitung (Name folgt nach Bestätigung); Optional Lagerleiter Adelsheim als männliche Stimme falls Ausbildungsleitung nicht vor Kamera","Adelsheim Verwaltung","Ausbildungsleitung seit Juni 2025 im Ausbildungsmanagement. Drehbereitschaft vor Kamera offen.",""
"2","Azubi Lager - Mein erster Tag bei WLC","2.7","Animation Caption: 'XXX Auszubildende seit Jahr X' / 'Übernahmequote: fast alle' (oder konkrete %-Zahl)","12 Standorte. XXX Auszubildende. Übernahmequote: ...","Beweis-Card-Outro animiert: Pin-Drops auf Karte erscheinen für 12 Standorte, Counter zählt hoch. Schwarzer Hintergrund, weiße Typografie + Würth-Anker.","Animierte Pin-Drops, Counter-Animation.","Underscore baut auf, Ankunfts-Beat.","","","","OFFEN: konkrete Zahlen Übernahmequote (Yannik) + Auszubildende-seit-Jahr-Zahl (Ausbildungsleitung). Mindestens zwei davon konkret, sonst weglassen.",""
"2","Azubi Lager - Mein erster Tag bei WLC","2.8","VO: 'Klick auf den Button, trag dich ein und wir melden uns bei dir.'","BEWIRB DICH JETZT.","CTA-Endcard: schwarzer Hintergrund, weiße harte Typografie. Headline 'BEWIRB DICH JETZT.' Sub: 'Ausbildung Fachkraft Lagerlogistik. Adelsheim + Kupferzell. Start 2027.' Logo WLC + Würth-Anker. +.","Harter Cut auf Endcard.","Schluss-Beat.","","","","Hashtags: #wlc #ausbildung2027 #würthgruppe #lagerlogistik #teamwlc. Doppel-Hebel CTA (Mitarbeiter-CTA durch Ausbildungsleitung / Schichtleiter + Endcard).",""
"Video 3 - Azubi Großhandel/Außenhandelsmanagement - Reporter-Walk-Around","","","","","","","","","","","",""
"3","Azubi Großhandel/Außenhandelsmanagement - Reporter-Walk-Around","Hook A","Hostin/Host vor WLC-Eingang, Mikro in der Hand: 'Schauen wir mal, ob ein Kaufmann bei WLC noch was anderes macht als am PC zu sitzen.' Caption: 'Adelsheim. 7:54 Uhr.'","Adelsheim. 7:54 Uhr.","Reporter-Format-Standard. Mikrofon mit WLC-Branding (oder neutral). Außen vor Verwaltungs-Eingang Adelsheim.","Statischer Reporter-Frame, leichter Camera-Push-In.","Office-Ambiente, leichter mid-tempo Underscore.","1","Hostin/Host (Recruiting Fachkraft WLCP / Ausbildungsleitung / extern - Name folgt nach Bestätigung)","Adelsheim Verwaltungs-Eingang","Reporter-Greif-Mikro: Niro bringt mit. Reporter-Rolle: Cornelia oder Lager-Azubi (Entscheidung vor Ort).",""
"3","Azubi Großhandel/Außenhandelsmanagement - Reporter-Walk-Around","Hook B","Reporter-VO: 'Heute mit einem Azubi-Kaufmann unterwegs. Fünf Räume in einer halben Stunde.'","","Schnelle Schnipsel-Vorschau auf die fünf Räume (Disposition, Telefonat-Setting, Lagertor, Büro, Pausenraum) - jeweils 0,7 Sek. Dann Cut auf Reporter-Frontal-Shot mit Mikro vor Eingang.","Schnipsel-Vorschau-Frames mit harten Cuts, Drop-Beat auf Reporter-Statement.","Schneller Beat, dann Drop auf Reporter-Statement.","1","Reporter/Hostin","Adelsheim (Multi-Frame: Disposition, Telefon-Setting, Lagertor, Büro, Pausenraum, Eingang)","Mutiger / zugespitzt.",""
"3","Azubi Großhandel/Außenhandelsmanagement - Reporter-Walk-Around","Hook C","Caption: 'Kaufmann bei WLC?' Am Ende Caption: 'Was Kaufmann bei WLC wirklich heißt.'","Kaufmann bei WLC? / Was Kaufmann bei WLC wirklich heißt.","Vertikales Splitscreen. Links (oben): Klischee-Bild - Person starrt in Excel-Tabelle in steriles Office. Rechts (unten): Realität - Azubi am Telefon mit Headset, Cut auf Lagertor mit Stapler, Cut auf Meeting-Setting.","Splitscreen, links statisch, rechts dynamisch (3-4 Realitäts-Frames). Cut alle 1 Sek im Splitscreen. Drop-Beat zum 'Realität'-Switch.","Underscore mit klarem Drop-Beat zum Realität-Switch.","2","Klischee-Komparserie (Excel) + Azubi-Hauptdarsteller","Adelsheim (Office + Lagertor + Meeting-Setting)","Klischee-Bild kann Stockfootage-Charakter haben.",""
"3","Azubi Großhandel/Außenhandelsmanagement - Reporter-Walk-Around","3.1","Reporter: 'Hey, wer bist du, was machst du hier?' Azubi: 'Ich bin [Name], 2./3. Lehrjahr, Großhandel und Außenhandelsmanagement.'","","Reporter trifft Azubi: Walking-Begin, Reporter-Mikro in Aktion.","Walking-Shot, leichte Tracking-Bewegung.","Office-Ambiente, Underscore mid-tempo.","2","Reporter/Hostin + Großhandel/AHM-Azubi (3. Lehrjahr bevorzugt)","Adelsheim Verwaltungs-Eingang/Empfang","",""
"3","Azubi Großhandel/Außenhandelsmanagement - Reporter-Walk-Around","3.2","Reporter: 'Was machst du hier gerade?' Azubi: 'Ich plane gerade die Wareneingänge für nächste Woche.'","","Walking-Station 1 - Disposition: kurzer Schnipsel mit Speed-Ramp; Cut auf Bildschirm-close mit Disposition-Tabelle.","Speed-Ramp im Walking-Shot.","Speed-Ramp-Sync-Cut, Underscore mit klarem Beat.","2","Reporter/Hostin + Azubi","Adelsheim Disposition","OFFEN MIT KUNDE: Inhalt dieser Walking-Station ist nicht final - Niro-Kundenberatung / Cornelia / Ausbildungsleitung liefern Feedback, was an dieser Station real passiert und gezeigt werden soll. | Disposition-Bildschirm-Inhalt klären (Datenschutz: keine echten Kunden-/Bestelldaten zeigen).",""
"3","Azubi Großhandel/Außenhandelsmanagement - Reporter-Walk-Around","3.3","Reporter overlay: 'Telefonieren?' Azubi (zur Kamera, leicht lachend): 'Hat man als 17-Jähriger nicht mehr drauf, ehrlich. Lernst du hier. Hilft auch beim Pizza bestellen.'","","Walking-Station 2 - Telefonat mit Lieferant (Skill-Lern-Anker, Cornelia-Linie): Azubi mit Headset, kurzer Telefon-Schnipsel im Hintergrund.","Cut von Headset-Setting auf Frontal-Statement.","Telefonklingeln/Headset-Atmo.","1","Azubi mit Headset (Lieferant simuliert, kein Gegenüber nötig)","Adelsheim Büro/Telefonat-Setting","OFFEN MIT KUNDE: Inhalt dieser Walking-Station ist nicht final - Niro-Kundenberatung / Cornelia / Ausbildungsleitung liefern Feedback, was an dieser Station real passiert und gezeigt werden soll. | Telefonieren-Frame als Skill-Lern-Anker, NICHT als Defizit-Frame. Backup: Streichungs-Option (Cornelia/Yannik im Termin 12.5).",""
"3","Azubi Großhandel/Außenhandelsmanagement - Reporter-Walk-Around","3.4","Reporter: 'Du bist hier auch im Lager?' Azubi: 'Mehrmals am Tag. Ich bin die Schnittstelle.'","","Walking-Station 3 - Schnittstelle zum Lager: Azubi geht durch Verwaltungs-Tür ins Lager, redet kurz mit Lagermitarbeiter, übergibt Tablet/Lieferschein.","Walking-Tracking-Shot, Match-Cut auf Lagertor-Übergang.","Setting-Wechsel-Atmo (Verwaltung -> Lager).","2","Azubi + Lagermitarbeiter (Komparserie aus B-Roll-Pool)","Adelsheim Lagertor + Halle","OFFEN MIT KUNDE: Inhalt dieser Walking-Station ist nicht final - Niro-Kundenberatung / Cornelia / Ausbildungsleitung liefern Feedback, was an dieser Station real passiert und gezeigt werden soll.",""
"3","Azubi Großhandel/Außenhandelsmanagement - Reporter-Walk-Around","3.5","Reporter im Off: 'Excel?' Azubi: 'Auch. Aber das ist nicht das, was den Tag macht.'","","Walking-Station 4 - Büro / Disposition (zweiter Pass, Tiefe): Azubi am Schreibtisch, Bildschirm zeigt ERP-/SAP-Maske.","Bildschirm-close + Schulter-Shot Azubi.","Underscore mid-tempo.","1","Azubi am Schreibtisch","Adelsheim Büro","OFFEN MIT KUNDE: Inhalt dieser Walking-Station ist nicht final - Niro-Kundenberatung / Cornelia / Ausbildungsleitung liefern Feedback, was an dieser Station real passiert und gezeigt werden soll. | Bildschirm-Inhalt rechtefrei, ggf. ND-Overlay falls Daten sensibel.",""
"3","Azubi Großhandel/Außenhandelsmanagement - Reporter-Walk-Around","3.6","Reporter: 'Was war dein bisheriges Highlight?' Azubi: konkreter O-Ton (Beispiele: 'Erste eigene Bestellung' / 'mein erster eigener Kundenbesuch' / 'eine Idee, die wir dann wirklich umgesetzt haben').","","Walking-Station 5 - Pausenraum, kurze Mini-Story.","Statisches Sit-Down oder Walking-Shot.","Underscore zurückhaltend, ehrliches O-Ton-Setting.","2","Reporter + Azubi","Adelsheim Pausenraum","O-Ton drehbar je nach Casting.",""
"3","Azubi Großhandel/Außenhandelsmanagement - Reporter-Walk-Around","3.7","Reporter: 'Was sollte jemand mitbringen, der bei euch anfängt?' Azubi: 'Mut zum Telefon. Lust, die Übersicht zu behalten. Und du musst gerne mit Leuten reden - wir sind nicht im Homeoffice.'","","Bewerber-Profil-Beat: statisches Sit-Down oder Walking-Shot.","Frontal-Frame, statischer O-Ton.","Underscore zurückhaltend.","1","Azubi (ggf. mit Reporter)","Adelsheim","",""
"3","Azubi Großhandel/Außenhandelsmanagement - Reporter-Walk-Around","3.8","Reporter: 'Ich hab heute fünf Räume gesehen. Excel war einer davon. Wenn du Lust hast, hier mal vorbeizuschauen - der Link ist unten.'","","Reporter-Schluss-Beat: vor WLC-Eingang oder mit Würth-Anker im Hintergrund.","Endcard-Übergang, leichter Push-In.","Underscore zieht zum Schluss-Beat.","1","Reporter/Hostin","Adelsheim Verwaltungs-Eingang oder Logo-Wand","",""
"3","Azubi Großhandel/Außenhandelsmanagement - Reporter-Walk-Around","3.9","VO: 'Klick auf den Button, trag dich ein und wir melden uns bei dir.'","BEWIRB DICH JETZT.","CTA-Endcard: schwarzer Hintergrund, weiße harte Typografie. Headline 'BEWIRB DICH JETZT.' Sub: 'Kaufmann/-frau Groß- und Außenhandelsmanagement. WLC Adelsheim. Start 2027.' Logo WLC + Würth-Anker. +.","Harter Cut auf Endcard.","Schluss-Beat.","","","","Hashtags: #wlc #ausbildung2027 #kaufmann #großundaußenhandel #würthgruppe. Hardlink job_details_257.",""
"Video 4 - Fachkraft Lager - Wenn du seit Jahren denselben Gang läufst","","","","","","","","","","","",""
"4","Fachkraft Lager - Wenn du seit Jahren denselben Gang läufst","Hook A","VO (kann generierte Stimme für ersten Cut sein, später Marvin-Stimme): 'Wenn du seit Jahren denselben Gang läufst und dich fragst, ob's das war...'","Wenn du seit Jahren denselben Gang läufst und dich fragst, ob's das war...","Lange Gang-Aufnahme (Tele-Kompression, Kamera am Boden oder Slider, Mitarbeiter geht von der Kamera weg in einen Hochregal-Gang). Slow-Motion.","Slow-Motion, Tele-Kompression, Slider-Bewegung.","Underscore ruhig, ernsthaft, mit Aufbau.","1","Mitarbeiter (Marvin oder Backup)","Kupferzell Hochregal-Gang","Kein TikTok-Trend-Sound nötig (Zielgruppe 28-45).",""
"4","Fachkraft Lager - Wenn du seit Jahren denselben Gang läufst","Hook B","VO: 'Lagerprofis mit 10 Jahren Erfahrung - habt ihr eigentlich noch Spaß an dem, was ihr macht?'","Lagerprofis mit 10 Jahren Erfahrung - habt ihr eigentlich noch Spaß an dem, was ihr macht?","Naher Frame auf erfahrene Hände am Stapler-Lenkrad (close), dann Cut auf Hochregallager-Wide-Shot Kupferzell (sofern Drohnen-Genehmigung; sonst Tilt-up vom Boden).","Close-up + harter Cut auf Wide-Shot.","Underscore mit Aufbau zum Wide-Shot.","1","Mitarbeiter mit erfahrenen Händen am Stapler-Lenkrad","Kupferzell Hochregal","Frage-Form, Meta-konform.",""
"4","Fachkraft Lager - Wenn du seit Jahren denselben Gang läufst","Hook C","Kein VO. Caption: '30 METER. NEU. WLC.'","30 METER. NEU. WLC.","Größenverhältnis-Hook: Marvin steht klein vor Hochregal-Front (Kupferzell oder Adolf-Würth-Hochregal Adelsheim, je nach Klärung). Harte Typografie '30 METER' oder '36 METER' erscheint Vollbild. Parallax-Effekt zoomt heraus.","Parallax-Effekt, Vollbild-Typografie.","Cinematic Drum-Hit / leise Auflage.","1","Marvin (Hero) klein vor Hochregal","Kupferzell Hochregal-Front oder Adelsheim Adolf-Würth-Hochregal","Diskrepanz Klärung 30m vs. 36m vor Drehtag fixieren. Variante C nur final scripten, wenn Höhe + Bauwerk eindeutig sind.",""
"4","Fachkraft Lager - Wenn du seit Jahren denselben Gang läufst","4.1","Splash-Screen","MARVIN. CREW-MODDER. WLC KUPFERZELL.","Vollbild-Typografie als Splash-Screen. Frame-Pause 2 Sek. Konkreter Inhalt offen.","Vollbild-Splash, schwarzer Grund, weiße Typografie.","Drum-Hit auf Splash.","","","","",""
"4","Fachkraft Lager - Wenn du seit Jahren denselben Gang läufst","4.2","Interview-Frage an Hero (Sebastian oder Marvin): 'Wie bist du zu WLC gekommen, und wie ging dein Weg seitdem?' (final beim Drehtag-Interview)","","Story-Bogen Beat 1: Marvin (mid-shot in der Halle, Stapler im Hintergrund).","Statischer Mid-Shot.","Underscore tritt zurück.","1","Sebastian (Quereinsteiger → Führungsfunktion) ODER Marvin (Ex-Azubi → Stufe 10)","Kupferzell Lagerhalle","Hero-Paar im Meeting 12.5. erweitert. Sebastians Quereinstiegs-Geschichte ergänzt Marvins Ex-Azubi-Pfad.",""
"4","Fachkraft Lager - Wenn du seit Jahren denselben Gang läufst","4.3","Interview-Frage an Hero: 'Welche Stationen / Schritte hast du bei WLC durchlaufen? Was war der Schlüssel für deine Entwicklung?' (final beim Drehtag-Interview)","","Story-Bogen Beat 2 - Aufstieg: Marvin frontal + Marvin in Aktion (Stapler, Anweisungen geben, Kollegen-Interaktion).","Cut zwischen Frontal-Statement und Action-B-Roll.","Underscore baut auf.","3","Marvin + 2 Kollegen (B-Roll Aktion)","Kupferzell Lagerhalle","",""
"4","Fachkraft Lager - Wenn du seit Jahren denselben Gang läufst","4.4","Interview-Frage an Hero: 'Was bedeutet Weiterentwicklung bei WLC ganz konkret - auch für Leute, die keine Führungsrolle anstreben?' (final beim Drehtag-Interview)","","Story-Bogen Beat 3 - Was anders ist: Marvin frontal, Cut auf Beruf-Bord-Visual (Wand mit Vorschlägen, Karten).","Cut auf Beruf-Bord-Wand close.","Underscore zurückhaltend.","1","Marvin","Kupferzell Pausenraum oder Verwaltungs-Bereich","Cornelia-Hinweis Meeting 12.5.: 'es gibt genug Leute, die sagen, sie möchten gar keine Führung übernehmen' - das soll im Beat aufgegriffen werden.",""
"4","Fachkraft Lager - Wenn du seit Jahren denselben Gang läufst","4.5","Caption: 'Modernisiert mit Fördermitteln. Roboter-Bereich. AKL.'","Modernisiert mit Fördermitteln. Roboter-Bereich. AKL.","Equipment-/Zukunfts-Beweis B-Roll-Salve: Hochregal-Wide-Shot Kupferzell + AKL-Bereich Adelsheim Cross-Cut + moderner Roboter-Bereich + Stapler-Bedienung modern.","B-Roll-Salve mit Cross-Cuts, Cinematic-Anteil.","Cinematic-Anteil, Underscore baut zur Salve auf.","","B-Roll-Mitarbeiter pro Bereich","Kupferzell + Adelsheim AKL Cross-Cut","Roboter-Bereich Kupferzell sofern Drohnen-/Sicherheits-Genehmigung.",""
"4","Fachkraft Lager - Wenn du seit Jahren denselben Gang läufst","4.6","O-Ton Marvin oder Backup-MA: 'Bei uns ziehst du nicht alle drei Wochen jemand Neues an. Das hilft - jeder weiß, was er tut.'","","Sub-Pain-Beat (Pflicht-Anpassung Re-Analyse, Zeitarbeit-Frust-Subtext): Marvin oder zweiter Stamm-MA, mid-shot.","Statischer Mid-Shot.","Underscore zurückhaltend.","1","Marvin oder Backup-MA aus Casting-Pool der Ausbildungsleitung (Quereinsteiger)","Kupferzell Lagerhalle","Statement im Briefing natürlich freisetzen, nicht auswendig.",""
"4","Fachkraft Lager - Wenn du seit Jahren denselben Gang läufst","4.7","O-Ton Marvin: 'Klar, wir arbeiten in zwei Schichten. Aber wer das einmal kennt, will's nicht mehr anders.'","","Schichtarbeit-Beiläufig-Beat: Marvin im Schichtwechsel-Moment / Garderobe oder Eingang.","Walking-Shot oder Stand-Shot in Garderobe.","Underscore zurückhaltend, Schichtwechsel-Atmo.","1","Marvin","Kupferzell Garderobe oder Eingang","Pflicht-Empfehlung Re-Analyse: beiläufig, kein Defizit-Frame.",""
"4","Fachkraft Lager - Wenn du seit Jahren denselben Gang läufst","4.8","O-Ton Marvin: 'Wenn du Erfahrung hast - egal ob mit Ausbildung oder ohne - kannst du hier was draus machen.'","","Aufstiegs-Pointe + CTA-Übergang: Marvin frontal, Cut auf Endcard.","Frontal-Frame, leichter Push-In zum Schluss.","Leise Auflösung.","1","Marvin","Kupferzell","Subtextlich niedrigere Einstiegshürde, kein offener AWKG-Vergleich.",""
"4","Fachkraft Lager - Wenn du seit Jahren denselben Gang läufst","4.9","VO: 'Klick auf den Button, trag dich ein und wir melden uns bei dir.'","BEWIRB DICH JETZT.","CTA-Endcard: schwarzer Hintergrund, weiße harte Typografie. Headline 'BEWIRB DICH JETZT.' Sub: 'Fachkraft Lagerlogistik / Lagermitarbeiter. WLC Kupferzell + Adelsheim.' Logo WLC + Würth-Anker. +.","Harter Cut auf Endcard mit Schlag.","Schluss-Beat.","","","","Hashtags: #wlc #lagerlogistik #fachkraftlager #würthgruppe #karrierewechsel. Hardlink job_details_263. CTA-7-Bogen-Schluss-Variante: Hook 'denselben Gang' -> Schluss 'wenn du was Neues willst'.",""
"Video 5 - Fachkraft Lager - 30 Meter hoch. Und wir wachsen weiter.","","","","","","","","","","","",""
"5","Fachkraft Lager - 30 Meter hoch. Und wir wachsen weiter.","Hook A","VO Mitarbeiter-Stimme: 'Ein Hochregallager. Der Konzern dahinter. Und ein Team, das hier seit Jahren wächst.'","Ein Hochregallager. Der Konzern dahinter. Und ein Team, das hier seit Jahren wächst.","Tilt-up am Hochregal Kupferzell, niedrige Kamera-Position; falls Drohne genehmigt: Außen-Aufnahme Kupferzell-Hochregal von oben, dann Tilt nach unten.","Tilt-Up-Bewegung, Caption synchron.","Underscore ernst, stabil, mit leichtem Aufbau.","1","Mitarbeiter-Stimme (langjähriger MA)","Kupferzell Hochregal","Quereinstieg-Anker neu (Meeting 12.5.). Zielgruppe geschärft auf normale Lager-MA + Quereinsteiger.",""
"5","Fachkraft Lager - 30 Meter hoch. Und wir wachsen weiter.","Hook B","VO: 'Logistik-Branche schrumpft? Bei uns wird gerade gebaut.'","Logistik-Branche schrumpft? Bei uns wird gerade gebaut.","News-Schlagzeilen-Schnipsel als Inserts (Insolvenz-Headlines, Konsolidierungs-Headlines aus Branchen-Diskurs - rechtefrei oder mit Quellen-Vermerk klein eingeblendet). Cut auf Bauarbeiter / Hochregal-Footage / WLC-Hochregal-Neubau Adelsheim.","Schlagzeilen-Inserts mit Newsroom-Sound, harter Cut auf Bauarbeiter-Footage.","Kurzer Schlag-/Newsroom-Sound bei Schlagzeilen-Schnipseln.","","Bauarbeiter (B-Roll)","Adelsheim WLC-Hochregal-Neubau Business-Park","Recherche-Anker trans.info. Niro klärt vor Schnitt: rechtefrei oder Quellen-Vermerk.",""
"5","Fachkraft Lager - 30 Meter hoch. Und wir wachsen weiter.","Hook C","Kein VO. Caption: '[XX] METER. NEU. WLC. WÜRTH-GRUPPE.'","[XX] METER. NEU. WLC. WÜRTH-GRUPPE.","Mitarbeiter klein vor Hochregal-Front (Kupferzell-Hochregal innen oder Adolf-Würth-Hochregal Adelsheim außen). Harte Typografie Vollbild. Cut auf Mitarbeiter-Gesicht.","Vollbild-Typografie, Parallax-/Push-In.","Cinematic Drum-Hit, ruhige Auflage.","1","Mitarbeiter klein vor Hochregal","Kupferzell oder Adelsheim Adolf-Würth-Hochregal","Höhen-Klärung 30m vs. 36m offen. Variante C nur final scripten, wenn Höhe + Bauwerk eindeutig sind.",""
"5","Fachkraft Lager - 30 Meter hoch. Und wir wachsen weiter.","5.1","Vollbild-Typografie: '[NAME]. LAGERLOGISTIK. SEIT [X] JAHREN BEI WLC.'","[NAME]. LAGERLOGISTIK. SEIT [X] JAHREN BEI WLC.","Namens-Splash Mitarbeiter: Vollbild-Typografie.","Vollbild-Splash, schwarzer Grund, weiße Typografie.","Drum-Hit auf Splash.","","","","",""
"5","Fachkraft Lager - 30 Meter hoch. Und wir wachsen weiter.","5.2","Interview-Frage an Hauptdarsteller (Hero Video 5 o.a.): 'Wie bist du zu WLC gekommen? Welche Vorerfahrung hattest du - und welche brauchst du wirklich für den Job?' (final beim Drehtag-Interview)","","Story-Bogen Beat 1: Mitarbeiter mid-shot in Halle, authentischer Bogen Branchen-Pain -> WLC-Sicherheit.","Statischer Mid-Shot.","Underscore zurückhaltend.","1","Hero Video 5 (Mitte 20, normale Lager-Tätigkeit, Name folgt nach Bestätigung) ODER langjähriger Mitarbeiter mit Quereinstiegs-Backstory ODER externer Backup-Kandidat Bad Mergentheim (Name folgt nach Bestätigung)","Kupferzell Lagerhalle","Hauptdarsteller-Casting offen, Entscheidung mit Cornelia + Ausbildungsleitung vor Drehtag.",""
"5","Fachkraft Lager - 30 Meter hoch. Und wir wachsen weiter.","5.3","Interview-Frage an Hauptdarsteller: 'Was bedeutet die Anbindung an die Würth-Gruppe für dich im Arbeitsalltag? Wann hast du gemerkt, dass das einen Unterschied macht?' (final beim Drehtag-Interview)","","Story-Bogen Beat 2 - Würth-Anker: Mitarbeiter + Cut auf Würth-Logo / Konzern-Touchpoint im Hintergrund.","Cut auf Würth-Touchpoint.","Underscore baut auf.","1","Mitarbeiter (Hauptdarsteller)","Kupferzell mit Würth-Anker im Hintergrund","Würth-Logo / Niederlassung als Hintergrund-Element offen (Drehtag-Setup).",""
"5","Fachkraft Lager - 30 Meter hoch. Und wir wachsen weiter.","5.4","Animation Captions: '12 STANDORTE in Deutschland' / 'SEIT 1996 TEIL DER WÜRTH-GRUPPE' / 'NEUES HOCHREGAL [XX]M. ADELSHEIM.' / 'ROBOTER-BEREICH KUPFERZELL'","12 STANDORTE / SEIT 1996 / NEUES HOCHREGAL [XX]M / ROBOTER-BEREICH KUPFERZELL","Beweis-Sequenz Salve - animierte Beweis-Cards eingeblendet, Map mit Pin-Drops.","Animation hochzählend, Pin-Drops auf Karte, Counter.","Underscore baut zur Salve, Beat-Synced-Card-Pulse.","","","","Konzern-Freigabe öffentliche Zahlen offen. Mitarbeiterzahl 850 vs. 750+ klären.",""
"5","Fachkraft Lager - 30 Meter hoch. Und wir wachsen weiter.","5.5","Kein direkter O-Ton, B-Roll-Salve","","Equipment-/Tech-Beweis B-Roll-Salve: Hochregal-Wide-Shot Kupferzell + AKL Adelsheim Cross-Cut (Förderbänder, Kästen) + Roboter-Bereich Kupferzell (sofern Drohne) + moderne Stapler-Bedienung.","B-Roll-Salve mit Cross-Cuts, Cinematic-Anteil.","Cinematic-Underscore.","","B-Roll-Mitarbeiter pro Bereich","Kupferzell + Adelsheim AKL Cross-Cut","Pflicht-Cross-Cut AKL Adelsheim aus Re-Analyse umgesetzt.",""
"5","Fachkraft Lager - 30 Meter hoch. Und wir wachsen weiter.","5.6","Interview-Frage an Hauptdarsteller: 'Was macht Lager heute anders als das Klischee vom Schleppen? Wo siehst du fortschrittliche Technik im Alltag?' (final beim Drehtag-Interview, mit B-Roll Saugnoppen + Fördertechnik im ZDL)","","Hauptdarsteller im Lager-Setting + B-Roll-Salve: Saugnoppen heben Karton, Fördertechnik in Aktion, AKL-Förderband. Reframe Lager = Technik.","Statischer Mid-Shot.","Underscore trägt.","1","Mitarbeiter (Hauptdarsteller)","Kupferzell Lager-Setting mit Bauarbeiter-Anker","Ergonomie-Anker NEU aus Meeting 12.5. (Cornelia-O-Ton): 'Saugnoppen, die den Karton hochsaugen, dass du das nicht schleppen musst. Flur- und Fördertechnik wirklich sehr fortschrittlich.' Drehen im ZDL Adelsheim, Cross-Cut zu AKL möglich.",""
"5","Fachkraft Lager - 30 Meter hoch. Und wir wachsen weiter.","5.7","Animation Captions: 'BAV. URLAUBSGELD. WEIHNACHTSGELD. PRÄMIENZAHLUNGEN. WÜRTH-MITARBEITERRABATTE. E-BIKE-LEASING. GESUNDHEITSTAGE.'","BAV / URLAUBSGELD / WEIHNACHTSGELD / PRÄMIEN / WÜRTH-RABATTE / E-BIKE / GESUNDHEITSTAGE","Benefits-Salve animierte Karten-Bündel: kein Detail, pauschal als Liste mit Würth-Anker.","Animation, schwarzer Grund, Beat-Synced-Cards.","Underscore mit klarem Beat.","","","","",""
"5","Fachkraft Lager - 30 Meter hoch. Und wir wachsen weiter.","5.8","VO oder Mitarbeiter frontal: 'Wer Sicherheit will, sollte sehen, was hier gerade entsteht.'","","Übergangs-Statement: Mitarbeiter frontal oder VO über B-Roll.","Frontal-Frame, leichter Push-In zum Schluss.","Ruhige Auflösung, Underscore zurück.","1","Mitarbeiter (Hauptdarsteller)","Kupferzell","",""
"5","Fachkraft Lager - 30 Meter hoch. Und wir wachsen weiter.","5.9","VO: 'Klick auf den Button, trag dich ein und wir melden uns bei dir.'","BEWIRB DICH JETZT.","CTA-Endcard: schwarzer Hintergrund, weiße harte Typografie. Headline 'BEWIRB DICH JETZT.' Sub: 'Fachkraft Lagerlogistik / Lagermitarbeiter. WLC Kupferzell + Adelsheim. Sicherer Arbeitsplatz in einem wachsenden Unternehmen.' Logo WLC + Würth-Gruppe-Anker. +.","Harter Cut auf Endcard mit Beat.","Schluss-Beat.","","","","Hashtags: #wlc #lagerlogistik #würthgruppe #stabilität #karriere #fachkraftlager. Hardlink job_details_263. Beweis-Card-Outro stark, weil rationale Stabilitäts-Logik trägt.",""
"Video 6 - Employer-Brand - Alles Lager. Alles hier.","","","","","","","","","","","",""
"6","Employer-Brand - Alles Lager. Alles hier.","Hook A","Vollbild-Typografie + Audio-Schlag-Sound: 'LAUT' -> 'LEISE'","LAUT / LEISE","'LAUT' als Vollbild-Versalie, dahinter Maschinen-/Stapler-Sound + Action-Footage (Stapler in Bewegung, Verladung, Beep). Cut auf 'LEISE' Vollbild, dahinter stilles Hochregal Kupferzell in der Nacht oder leere Halle.","Audio-Schlag (low-frequency drum-hit), harter Cut zwischen Action und Stille.","Maschinen-Salve gegen Stille, Drum-Hit Sound-Design.","","B-Roll-Mitarbeiter","Adelsheim + Kupferzell","Cinematic Antonymen-Schlag. Bundeswehr-Spot 'Wir. Dienen. Deutschland.' als Sound-Referenz.",""
"6","Employer-Brand - Alles Lager. Alles hier.","Hook B","VO: 'Was hier passiert, sieht keiner. Bis es nicht mehr passiert.'","Was hier passiert, sieht keiner. Bis es nicht mehr passiert.","Schnelle Schnitt-Salve aus Lageralltag (Stapler, Hände am Scanner, Verladung, AKL-Förderband, Kollegen-Walking) - 8-10 Frames. Dann harter Cut auf leere Halle / nichts passiert / Stille.","Schnelle Schnitt-Salve, harter Cut auf Stille.","Salve mit Sound-Effekten, dann Stille mit warmer/tiefer VO.","","B-Roll-Mitarbeiter","Adelsheim + Kupferzell Lager","",""
"6","Employer-Brand - Alles Lager. Alles hier.","Hook C","Caption + VO: 'POV: Gemeinsam gestalten wir die Logistik bei WLC.'","POV: Du bist die Logistik, die Würth nach Deutschland trägt.","Multi-Voice-Frame mit echten Mitarbeitenden in WLC-Hoodies, Wappen sichtbar. Setting-Wechsel zwischen Halle, Bürobereich, Außenansicht (sofern Drohne freigegeben).","POV-Bewegung, Drohnen-Match-Cut nach außen.","Cinematic Score, leichter Aufbau.","1","POV-Träger (B-Roll-Mitarbeiter)","Adelsheim oder Kupferzell Halle + Lagertor","Cornelia-Wortlaut Meeting 12.5. 'Deutschland'-Frame explizit verworfen (Reinhold-Würth-AfD-Statement + 50 Nationen intern - Tabu für Cross-Konzept-Wording).",""
"6","Employer-Brand - Alles Lager. Alles hier.","6.1","Vollbild-Versalien: 'SCHNELL' / 'GENAU'","SCHNELL / GENAU","Antonymen-Beat 1: SCHNELL (Stapler-Tracking-Shot, Kollegen in Bewegung) -> GENAU (Scanner-Beep close, Etiketten-Detail).","Versalien-Typografie Vollbild, Audio-Schlag bei jedem Wort-Cut.","Drum-Hit pro Wort, Sound-Design Stapler vs. Scanner.","","B-Roll-Mitarbeiter","Adelsheim + Kupferzell Lager","Ein Wort = ein Schauplatz, max. 2 Sek pro Beat.",""
"6","Employer-Brand - Alles Lager. Alles hier.","6.2","Vollbild-Versalien: 'LAUT' / 'LEISE'","LAUT / LEISE","Antonymen-Beat 2: LAUT (Maschinen-Salve, AKL-Förderband mit Sound) -> LEISE (Hochregal-Wide-Shot Kupferzell, Halle bei Dämmerung).","Action vs. Stille mit Audio-Schlag-Cut.","Maschinen-Sounds bei LAUT, harter Cut auf Stille bei LEISE.","","","Adelsheim AKL + Kupferzell Hochregal","",""
"6","Employer-Brand - Alles Lager. Alles hier.","6.3","Vollbild-Versalien: 'DRINNEN' / 'DRAUSSEN'","DRINNEN / DRAUSSEN","Antonymen-Beat 3: DRINNEN (Halle, Stapler, Verladung) -> DRAUSSEN (Lkw fährt vom Hof, Drohne über Halle wenn genehmigt, sonst Außen-Boden-Aufnahme).","Setting-Wechsel-Cut mit Drum-Hit.","Drum-Hit pro Wort.","","","Adelsheim oder Kupferzell Halle + Lkw-Hof","Drohnen-Genehmigung offen, Plan B Außen-Boden-Aufnahme.",""
"6","Employer-Brand - Alles Lager. Alles hier.","6.4","Vollbild-Versalien: 'TONNEN' / 'GRAMM'","TONNEN / GRAMM","Antonymen-Beat 4: TONNEN (große Palette, Lkw-Heck) -> GRAMM (Schraube close, Verwiegungs-Detail).","Skala-Kontrast-Cut mit Drum-Hit.","Drum-Hit pro Wort, Sound-Design Skala.","","","Adelsheim Lkw-Hof + Schrauben-Verwiegung-Bereich","Schrauben-Verwiegung-Heritage-Anker (1996).",""
"6","Employer-Brand - Alles Lager. Alles hier.","6.5","Vollbild-Versalien: 'ALLEIN' / 'TEAM'","ALLEIN / TEAM","Antonymen-Beat 6: ALLEIN (einzelner MA in Halle, fokussiert) -> TEAM (Gruppen-Frame mit 4-5 MA in WLC-Hoodies, Wappen sichtbar).","Solo + Team-Cut mit Drum-Hit.","Drum-Hit pro Wort.","5","Solo-MA + 4-5 MA in WLC-Hoodies (Multi-Voice-Frame, Sportmannschafts-Pose-Anlehnung entspannt)","Adelsheim + Kupferzell Halle","Cornelia + Ausbildungsleitung nominieren pro Standort.",""
"6","Employer-Brand - Alles Lager. Alles hier.","6.6","Vollbild-Typografie: 'ALLES LAGER. ALLES WIR. ALLES HIER.'","ALLES LAGER. ALLES WIR. ALLES HIER.","Auflösungs-Trio: 'ALLES LAGER.' (Halle + Stapler + Hochregal Salve) -> 'ALLES WIR.' (Multi-Voice-Frame mit echten MA, Wappen-Pose-Anlehnung an Sportmannschaft) -> 'ALLES HIER.' (Map mit 12 Standort-Pins erscheint, Würth-Anker im Hintergrund).","Vollbild-Typografie mit B-Roll-Layer, harmonischer Aufbau.","Cinematic-Aufbau, Drum-Hits zu jedem Trio-Statement.","5","Multi-Voice-Frame mit 4-5 MA + Wappen sichtbar","Adelsheim + Kupferzell + Hochregal","Antonymen-Liste erweiterbar (Reserve-Paare): ROH/FERTIG, ANFANG/ZIEL, HAND/MASCHINE, HIER/ÜBERALL, KEINER/ALLE. Final-Liste mit Cornelia/Yannik im Termin 12.5.",""
"6","Employer-Brand - Alles Lager. Alles hier.","6.7","Animation Captions: 'SEIT 1996. WLC. WÜRTH-LOGISTIK.' + ggf. Auszubildende-Counter / Übernahmequote / Hochregal-Höhe","SEIT 1996. WLC. WÜRTH-LOGISTIK.","Beweis-Card-Outro animiert: Map mit 12 Standorten + Würth-Gruppen-Logo. Animation, schwarzer Grund.","Map-Animation, Pin-Drops, Counter, Typografie.","Cinematic-Aufbau zur Auflösung.","","","","Konzern-Freigabe öffentliche Zahlen offen.",""
"6","Employer-Brand - Alles Lager. Alles hier.","6.8","VO warm/tief (möglichst echter Mitarbeiter): 'Was hier passiert, ist mehr, als von außen aussieht. Und genau hier passiert es.'","","Voice-Over-Schluss: VO über Map + Würth-Anker.","Leise Auflösung mit Map und Würth-Anker.","VO im Mix prominent, ruhige Auflösung.","1","VO-Sprecher: Marvin / Backup-MA / externer Backup-Kandidat Bad Mergentheim (oder kein VO als puristische Variante)","","Niro liefert beide Cut-Optionen (mit + ohne VO). Cornelia/Yannik-Entscheidung.",""
"6","Employer-Brand - Alles Lager. Alles hier.","6.9","VO: 'Klick auf den Button, trag dich ein und wir melden uns bei dir.'","WLC. WÜRTH-LOGISTIK.","CTA-Endcard: schwarzer Hintergrund, weiße harte Typografie. Headline 'WLC. WÜRTH-LOGISTIK.' Sub: 'SEIT 1996 TEIL DER WÜRTH-GRUPPE. 12 STANDORTE.' Logo WLC + Würth-Gruppen-Anker.","Harter Cut auf Endcard.","Schluss-Beat, harte Endcard.","","","","Hashtags: #wlc #würthgruppe #lagerlogistik #karriere #teamwlc #würthlogistik. CTA-5 (Job-Entdeckung) primär, CTA-6 (Talentpool) für LinkedIn. Funnel-Top, Pixel-Retargeting für Konzepte 1-5.",""