"Video-Nr","Titel","Zielgruppe","Pain","Hook A","Hook B","Hook C","Inhalt","Anmerkungen"
"1","Azubi Lager - POV: Was machst du nach der Schule?","16-19 Schulabgänger:innen (Real-/Hauptschule, mittlere Reife), unentschieden zwischen Ausbildung und weiterführender Schule, unter Familien-/Peer-Druck. Funktioniert für beide Azubi-Berufe (Lager + Kaufmann).","Dauerfrage von Eltern, Verwandten, Lehrern: 'Und, weißt du schon was?' Logistik/Lager wird oft als Plan-B abgetan, ohne dass jemand weiß, was wirklich dahintersteckt.","POV: Du bist letztes Schuljahr und alle fragen, was du machst.","Ausbildung im Lager? Klingt langweilig?","Kein Sprech. Caption 'Ausbildung im Lager? Eher so.' Trend-Sound-Drop, Outfit-Switch von Hoodie + Schulrucksack auf Warnweste + Stapler-Lenkrad per Match-Cut auf Beat.","Hook (POV / Trend-Sound, Pattern-Interrupt)
Klischee-Salve: drei Mini-Schnipsel mit Eltern-/Freund-/Lehrer-Fragen, harte Cuts
Realitäts-Switch: echter Azubi zeigt Stapler, Gefahrgut-Etikett, Scanner, Verladung
O-Ton-Punchline: 'Ich entscheide hier täglich, was wohin geht. Mit 17.'
Sub-Punchline 'Und meinen Staplerschein? Hab ich vor frei gemacht.'
CTA-Endcard mit Mitarbeiter-CTA","'Whack' gestrichen (Cornelia-Veto im Meeting 12.5., passt nicht zu Würth). Beide Wordings 'langweilig' UND 'lame' am Drehtag aufnehmen, im Schnitt entscheiden."
"2","Azubi Lager - Mein erster Tag bei WLC","16-19 Schulabgänger:innen, schon entschieden für Ausbildung im Lagerbereich, zwischen Arbeitgebern abwägend. Sorge: 'Werde ich da als Azubi ernst genommen? Bin ich allein?'","Klischee: 'Lagerlogistik = nur Lager-Kehren, kein Wissen, keine Tätigkeiten.' Switch: bei WLC ist anpacken + mitmachen ab Tag 1.","Mein erster Tag bei WLC - ehrlich gesagt...","Wer hat dir gesagt, dass Azubis nur das Lager kehren? Bei uns ist mit anpacken von Tag 1 angesagt...","Kein Sprech. Caption-Progression 'Tag 1.' / 'Tag 30.' / 'Tag 365.' Drei Azubis nacheinander, High-Five-Übergabe, letzte Person frontal.","Hook (Lager-Kehren-Klischee mit Besen-Frame, Pattern-Interrupt)
Klischee-Salve: Azubi mit Besen im Lager-Kehren, Pause, Augenrollen
Switch-Beat: Stapler-Bedienung, Tablet, Stationen-Rotation - 'bei uns ist anpacken'
Tag 1 / Tag 30 / Tag 365 Beat-Struktur mit Azubi-High-Five-Übergang
Bezugspersonen-Statement (Schichtleiter / Ausbildungsleiter / Lagerleiter prominent)
Beweis-Card-Outro (Übernahmequote falls verfügbar, sonst weglassen)
CTA-Endcard","Kaffee-Klischee gestrichen (Cornelia-Veto 12.5.: kein Thema im Lager). Neuer Pain 'Lager-Kehren-Switch' aus Vorschlag der Ausbildungsleitung. Besen-Requisite organisieren."
"3","Azubi Großhandel/Außenhandelsmanagement - Reporter-Walk-Around","16-20, Realschul-/Mittlere-Reife-Abschluss, kaufmännisches Interesse, unsicher ob Groß- und Außenhandel spannend genug ist. Konkurrenz: Industriekaufmann, Bürokaufmann.","Klischee 'Kaufmann = den ganzen Tag E-Mails und Excel'. Vielfalt der Rolle (Einkauf, Disposition, Kundenkontakt, Schnittstelle Lager, ggf. Zoll/Export) ist von außen unsichtbar.","Schauen wir mal, ob ein Kaufmann bei WLC noch was anderes macht als am PC zu sitzen.","Heute mit einem Azubi-Kaufmann unterwegs. Fünf Räume in einer halben Stunde.","Caption 'Kaufmann bei WLC?' Vertikales Splitscreen: links Klischee-Bild Person starrt in Excel, rechts Realität (Telefon mit Headset, Lagertor, Meeting). Cut alle 1 Sek.","Hook (Reporter-Frame, Klischee aufmachen)
Vorstellung Azubi: 'Wer bist du? Was machst du hier?'
Walking-Tour mit Speed-Ramps: Disposition (Wareneingänge planen), Telefonat mit Lieferant (Skill-Lern-Anker 'Hilft auch beim Pizza bestellen'), Schnittstelle Lager (Tablet-Übergabe), Büro/ERP-Maske, Pausenraum-Highlight
Bewerber-Profil: 'Mut zum Telefon. Lust, die Übersicht zu behalten. Nicht Homeoffice.'
Reporter-Schluss vor Würth-Anker
CTA-Endcard","Reporter-Greif-Mikro wird von Niro mitgebracht (WLC hat nur Ansteck-Mikros). Reporter-Rolle: Cornelia oder Lager-Azubi (Entscheidung vor Ort). Telefonieren-Frame als Skill-Lern-Anker (Cornelia-Linie), Streichungs-Backup dokumentiert. Inhalt der Walking-Stations 3.2-3.5 weiterhin offen mit Kunde."
"4","Fachkraft Lager - Wenn du seit Jahren denselben Gang läufst","28-45, erfahrene Lagerlogistiker:innen + Aufsteiger / Quereinsteiger mit Lust auf Weiterentwicklung. Nicht nur Führung - auch normale Mitarbeitende mit Wachstumswunsch.","Stagnation: gleiche Halle, gleiche Schicht, gleiche Aufgaben. Wertschätzung der Erfahrung fehlt, kein modernes Equipment, kein Aufstieg sichtbar. Sub-Pain: Zeitarbeit-Drehtür frustriert Stamm-Belegschaft.","Wenn du seit Jahren denselben Gang läufst und dich fragst, ob's das war...","Lagerprofis mit 10 Jahren Erfahrung - habt ihr eigentlich noch Spaß an dem, was ihr macht?","Caption '30 METER. NEU. WLC.' Größenverhältnis-Hook: Marvin steht klein vor Hochregal-Front, harte Typografie Vollbild, Parallax-Effekt zoomt heraus.","Hook (Stagnations-Bild Gang ODER Größenverhältnis Hochregal)
Namens-Splash 'MARVIN. CREW-MODDER. WLC KUPFERZELL.'
Story-Bogen: 2014 als Azubi angefangen, ohne Plan, ehrlich
Aufstieg: Stammkraft, Vorarbeiter, jetzt Crew-Modder Stufe 10, nie den Laden gewechselt
Beruf-Bord-Anker: 'Wenn ich was vorschlage, kommt das auf den Tisch'
Equipment-/Zukunfts-Beweis: Hochregal Kupferzell + AKL Adelsheim + Roboter-Bereich
Sub-Pain Zeitarbeit-Subtext: 'Bei uns ziehst du nicht alle drei Wochen jemand Neues an'
Schichtarbeit beiläufig: 'Wir arbeiten in zwei Schichten. Wer das einmal kennt, will's nicht mehr anders.'
Aufstiegs-Pointe (subtextlich auch ohne Ausbildung)
CTA-Endcard","Hero-Paar Sebastian (Quereinsteiger mit Führungsfunktion) + Marvin (Stufe 10, Ex-Azubi-Pfad). Beide spannen den Aufstiegsbogen breiter auf (intern + extern). Aufstiegs-/Weiterentwicklungs-Tonalität ohne Reduktion auf Führung."
"5","Fachkraft Lager - 30 Meter hoch. Und wir wachsen weiter.","Normale Lager-Mitarbeitende + Quereinsteiger ohne Vorerfahrung. Stabilität + niedrige Eintrittshürde.","Sorge vor Branchen-Schrumpfung + Schwellenangst Quereinstieg. Reframe: Lager ist heute Technik, nicht Schleppen.","Ein Hochregallager. Der Konzern dahinter. Und ein Team, das hier seit Jahren wächst.","Logistik-Branche schrumpft? Bei uns wird gerade gebaut.","Caption '[XX] METER. NEU. WLC. WÜRTH-GRUPPE.' Größenverhältnis: Mitarbeiter klein vor Hochregal-Front, Vollbild-Typografie, Cut auf Mitarbeiter-Gesicht.","Hook (Hochregal-Tilt-up, Konzern-Anker, Branchen-News-Bruch oder Größenverhältnis)
Namens-Splash Mitarbeiter '[NAME]. LAGERLOGISTIK. SEIT [X] JAHREN BEI WLC.'
Story-Bogen: 'Ich war vorher woanders. Mittelständler, ist insolvent gegangen 2023. Ich hab dann hier angefangen.'
Würth-Anker: 'Dass wir zur Würth-Gruppe gehören, hab ich erst hinterher mitgekriegt. Aber das ist halt der Unterschied.'
Beweis-Sequenz Salve: 12 Standorte, Seit 1996 Würth-Gruppe, neues Hochregal, Roboter-Bereich Kupferzell
Equipment-/Tech-Beweis B-Roll-Salve (Hochregal + AKL Cross-Cut + Roboter)
Mitarbeiter-Stimme zur Stabilität: 'Hier wird investiert. Das spürt man.'
Benefits-Salve animiert (BAV, Urlaubsgeld, Prämien, Würth-Rabatte, E-Bike, Gesundheitstage)
Übergangs-Statement: 'Wer Sicherheit will, sollte sehen, was hier gerade entsteht.'
CTA-Endcard","Hero Video 5 (Mitte 20, normale Lager-Tätigkeit, Name folgt nach Bestätigung). Quereinstieg als Hook-Anker neu. Ergonomie zentral: Saugnoppen für Kartons (kein Schleppen), fortschrittliche Flur- und Fördertechnik im ZDL Adelsheim, ggf. Cross-Cut AKL. Sicherheit + Beständigkeit verstärkt zeigen. Schichtarbeit weiterhin weggelassen (Niro-Empfehlung)."
"6","Employer-Brand - Alles Lager. Alles hier.","Übergreifend: Azubis, Fachkräfte, Quereinsteiger, latent Wechselwillige. Funnel-Top für die anderen 5 Videos. Adressiert das Image-Problem der Branche.","Lager-/Logistik-Beruf hat Imageproblem: 'unsichtbar, unsexy, austauschbar'. Mitarbeiter:innen mit Stolz auf ihre Arbeit fühlen sich öffentlich nicht anerkannt.","LAUT / LEISE - Antonymen-Schlag. Vollbild-Versalien, Maschinen-Salve gegen stilles Hochregal.","Was hier passiert, sieht keiner. Bis es nicht mehr passiert.","POV: Gemeinsam gestalten wir die Logistik bei WLC.","Hook (Antonymen-Schlag oder Voice-Over oder POV)
Antonymen-Kette: SCHNELL/GENAU, LAUT/LEISE, DRINNEN/DRAUSSEN, TONNEN/GRAMM, HEUTE/MORGEN, ALLEIN/TEAM
Reserve-Paare verfügbar: ROH/FERTIG, ANFANG/ZIEL, HAND/MASCHINE, HIER/ÜBERALL, KEINER/ALLE
Auflösungs-Trio 'ALLES LAGER. ALLES WIR. ALLES HIER.'
Beweis-Card-Outro: Map mit 12 Standorten, Würth-Gruppen-Logo, 'SEIT 1996. WLC. WÜRTH-LOGISTIK.'
Voice-Over-Schluss warm/tief: 'Was hier passiert, ist mehr, als von außen aussieht. Und genau hier passiert es.'
CTA-Endcard","Cornelia-Wortlaut aus Meeting 12.5. ('Deutschland'-Wording explizit verworfen wegen Reinhold-Würth-AfD-Statement + 50 Nationen intern). Antonymen-Liste aktuell 5 Paare, Erweiterung mit Kunde offen."